x,V15,V16,V17,V18,V19,V20,V21,V22,V23,V24,V25,V26,V27,V28,V29,V30,V31,V32,V33,V34,V35,V36,V37,V38,V39
000001.XSHE,0.975694444,8.92,0.995515695,0.997747748,1.025959368,1.00110011,1.162637363,10.73,10.51,1.035204567,0.935661765,1.057956778,11.04,1.015398551,0.977698483,0.982664234,1.056638812,0.993848858,1.007073386,1.030728709,1.082623509,14.13,12.8,1.0390625,0.983458647
000002.XSHE,0.983379501,1.105915493,0.989302089,1.005149331,1.21772541,0.960875053,0.995183888,1.014518258,0.943191674,0.974252874,0.959886739,1.05653884,1.024197301,1.104952294,1.138157895,0.932803468,1.009682417,0.96547756,1.107667859,0.960903874,1.021276596,1.100511696,0.981733643,0.973951286,0.974296631
000008.XSHE,0.986244842,0.966527197,1.043290043,1.015214385,0.989100817,1.00137741,1.002751032,1.043895748,0.980289093,1.024128686,1.048429319,1.001248439,0.985037406,1.056962025,1.098203593,0.930207197,1.058616647,0.980066445,1.039548023,0.980434783,0.99556541,0.974387528,0.971428571,1.001176471,0.989424207
000009.XSHE,0.982984293,0.960053262,1.045769764,1.031830239,1.028277635,1.03375,0.980652963,1.025893958,1.140625,0.931506849,0.95361991,1.008303677,1.007058824,1.103971963,0.99047619,0.961538462,0.977777778,0.954545455,0.95952381,0.973945409,0.984713376,0.965071151,1.012064343,0.982781457,0.971698113
000027.XSHE,1.093397746,0.921944035,1.057507987,0.98489426,1.02607362,1.004484305,0.992559524,0.982008996,0.996946565,0.995405819,0.976923077,1.003149606,1.021978022,0.998463902,0.989230769,0.982892691,1.011075949,0.995305164,0.982704403,1.0048,0.996815287,0.948881789,1.01010101,0.998333333,0.996661102
000039.XSHE,1.065629229,0.983492063,1.065203357,1.019393939,1.024375743,1.00754498,1.006912442,1.011441648,1.065045249,0.984599044,0.962243797,0.999439462,1.042063937,0.997308934,0.975175391,0.983397897,1.043331458,0.964401294,1.012863535,1.097736057,1.013078471,0.945382324,1.017857143,1.015995872,1.097003555
000060.XSHE,1.032206119,0.973478939,1.036858974,1.072642968,1.036023055,1.022253129,1.017687075,1.045454545,1.025575448,1.03117207,0.935912938,1.009043928,1.089628681,0.987074031,0.952380952,0.9925,0.967254408,0.966145833,0.962264151,1,0.957983193,0.976608187,1.061377246,0.966149506,0.998540146
000061.XSHE,1.00942285,0.997666278,1.046783626,1.002234637,1.001114827,1,1,1,1,1,1,1,1,1,1,1.024498886,0.948913043,1.013745704,0.93220339,0.981818182,0.987654321,0.93875,1.018641811,0.973856209,1.025503356
000063.XSHE,1.102088167,1.028947368,1.07314578,1.030028599,1.1092087,0.981226533,0.987244898,1.018949182,0.969991547,0.9708061,1.006732496,1.017387428,1.03768624,1.068412162,0.96916996,1.14274062,1.041042113,0.982516284,1.099092812,1.068253968,1.070430906,1.077456968,0.864725586,1.110548272,0.956801717
000069.XSHE,1.060686016,1.036069652,1.055222089,1.03185438,1.060639471,0.964656965,0.990301724,0.982589771,0.972314507,0.951025057,0.980838323,1.014652015,0.997593261,1.059107358,1.012528474,0.88976378,0.98988622,1.025542784,1.01867995,0.980440098,0.996259352,1.065081352,0.992949471,0.976331361,0.940606061
000100.XSHE,1,1,1,1,1,1,1,1,1.069069069,1.014044944,0.96398892,0.988505747,1.011627907,0.997126437,1,0.988472622,1.040816327,1.112044818,1.075566751,1.091334895,1.004291845,0.893162393,0.961722488,1.007462687,0.97037037
000156.XSHE,0.979916898,0.963250883,1.048422597,1.013995801,0.995859213,1.006237006,0.969008264,0.982942431,1.024584237,1.023288638,1.002758621,0.984869326,1.018854749,1.002056203,0.980848153,0.981868898,1.026988636,0.964038728,0.979196557,1.003663004,0.995620438,0.960410557,0.995419847,0.970858896,0.929699842
000157.XSHE,1.005076142,1.015151515,1.02238806,0.99270073,1.019607843,1,1.012019231,1.049881235,1,1.020361991,0.962305987,1.011520737,1,0.995444191,0.99771167,0.97706422,1.046948357,0.97309417,1.00921659,0.988584475,0.986143187,0.983606557,1,0.969047619,1.002457002
000166.XSHE,0.975970425,1.039772727,1.010928962,0.996396396,1.003616637,1.003603604,1.030520646,1.005226481,1.012131716,1.003424658,0.979522184,0.989547038,1.061619718,0.980099502,0.99323181,0.982964225,1.006932409,0.977624785,0.982394366,0.998207885,0.994614004,0.996389892,1.001811594,0.985533454,0.972477064
000333.XSHE,1.012886598,1.008199039,1.104038138,1.001016002,1.090586146,0.976035365,0.977830751,0.997805948,0.983386269,0.970434783,0.976702509,1.063171691,0.983727811,0.986967419,1.041899441,1.043139166,1.088317757,0.999141262,1.08637731,1.019185127,0.991073161,1.022126493,0.946551724,1.06010929,1.033982436
000338.XSHE,1.022540984,1.016032064,1.045364892,1.018867925,1.114814815,1.008305648,1.029654036,1.0288,1.0155521,0.995405819,0.956923077,1.01607717,1.068037975,1.034074074,1,0.979942693,1.032163743,1.002832861,1.074858757,1.090670171,0.987951807,0.97195122,0.973651192,0.956185567,1.018867925
000402.XSHE,1.027559055,1.045019157,1.043996334,0.967515364,1.04446461,0.970460469,1.017905103,1.033421284,0.968510638,0.971880492,0.97920434,1.059095106,0.997384481,1.018356643,1.077253219,0.994422311,0.927884615,0.979274611,0.980599647,0.977517986,0.999080037,0.983425414,1.014981273,0.999077491,0.951985226
000413.XSHE,1.010298661,0.976554536,1.025052192,1.053971487,1.045410628,1.085951941,0.952340426,0.977658624,1.043875686,0.943957968,1.009276438,1,0.930147059,1.072134387,1.002764977,1.028492647,0.984807864,0.949183303,0.962715105,1.042701092,1,0.881904762,1.020518359,1.010582011,0.991623037
000415.XSHE,1.009630819,0.988871224,1.030546624,1,1.015600624,1.032258065,1.010416667,1.00736377,1.007309942,1.008708273,0.968345324,0.988112927,1.033082707,0.995633188,0.979532164,0.97761194,1.003053435,0.96194825,0.995253165,1.0063593,0.992101106,0.949044586,0.983221477,0.959044369,1.012455516
000423.XSHE,1.054723966,0.994964139,1.027453988,1.009553665,1.038148751,0.958552913,0.964041605,1.005394575,0.965046758,0.996346307,0.987244898,0.994670543,0.987335606,1.005755632,1.009810334,1.013277202,1.047619048,1.012355095,1.014615037,0.954855955,0.956920684,0.991548838,0.964268153,1.01699813,0.987798763
000425.XSHE,0.971014493,0.997014925,1.050898204,1.002849003,1.045454545,1.027173913,1.018518519,1.020779221,1.012722646,0.979899497,0.951282051,1.008086253,1.00802139,1.00530504,0.984168865,0.978552279,1.008219178,0.991847826,1.010958904,0.986449864,1.016483516,1.021621622,0.978835979,1.035135135,1.065274151
000503.XSHE,1,1,1,1,1,1,1,1,1,1,1,1,1,1,1,1,1,1,1,1,1,1,1,1.581227437,1.01674277
000538.XSHE,1.037141846,1.008640291,1.032574391,0.995306189,1.031366528,0.949064228,0.992380952,1.010613074,0.969277176,0.988012909,1.019015399,0.992673154,0.982124322,0.996124941,1.004715313,1.017364778,1.059624034,1.063778842,1.075404133,0.992388926,0.941999808,0.981681254,0.967032967,1.038379074,1.030766054
000540.XSHE,0.973105134,1.035175879,1.016990291,0.992840095,1.091346154,0.975770925,1.013544018,1.195991091,1.033519553,0.935135135,0.930635838,1.008281573,1,1,1,1,1,1,1,1,1,1,1,1,1
000555.XSHE,0.99107674,1.008403361,0.970833333,1.044757817,0.976525822,1.003004808,1,1,1,1,1,1,1,1,1,1,1,1,1,1,1,1,1,1,0.795086878
000559.XSHE,0.98245614,1.002232143,1.028953229,1.045454545,1.089026915,0.984790875,0.958494208,0.995971803,1.03033367,1.008832188,1.013618677,1.009596929,0.985741445,1.054966249,1.037477148,0.992070485,1.03374778,0.957044674,0.982046679,1.02559415,0.974153298,0.892955169,0.990778689,0.982419855,0.967368421
000568.XSHE,1.022701731,1.013406593,1.038169594,1.00229789,1.057107128,0.9420347,1.000418585,1.05251046,1.077718147,1.014939137,1.011811739,0.950251437,1.022491022,0.941219963,1.061468971,1.01813136,1.058695257,0.974939924,1.031690141,1.112798635,1.01073455,0.943559399,0.944846438,1.060074881,1.052978006
000623.XSHE,0.990677134,1.031203566,1.060038425,1,1.011327594,0.996863799,1.005393258,1.029056772,0.984361425,0.981023831,0.979307242,0.98989435,1.060324826,0.984682713,0.989333333,0.987421384,1.021838035,0.999554764,1.03518931,0.993975904,1.045021645,0.948632974,0.983406114,0.996891652,0.959020045
000625.XSHE,1.009771987,1.028225806,1.047058824,0.989513109,1.040878123,0.985454545,0.982287823,1.066115702,0.95701198,0.990427099,0.956133829,1.000777605,1.015540016,1.003060444,1.009153318,0.988662132,1.040519878,0.999265246,0.945588235,0.989891135,0.985860173,0.989641434,1.011272142,0.999203822,0.961752988
000627.XSHE,0.953125,0.923497268,1.060650888,0.994421199,1.137447405,1.020961776,1.077294686,1.217488789,0.926335175,0.927435388,0.99249732,0.975161987,1.044296788,0.992576882,1.002136752,0.953091684,1.013422819,0.953642384,1.071759259,1.059395248,1.042813456,0.985337243,0.89484127,1.005543237,0.998897464
000630.XSHE,1.034351145,0.966789668,1.034351145,1.014760148,1.003636364,1.039855072,1.020905923,1.037542662,1.052631579,1.0125,0.925925926,1.003333333,1.053156146,0.993690852,0.965079365,0.990131579,1.006644518,0.98679868,0.959866221,0.982578397,0.971631206,0.99270073,1.014705882,0.985507246,0.996323529
000651.XSHE,1.022482584,1.004645401,1.060727497,1.03545481,1.110300309,0.992416582,1.044574631,0.992684711,0.963890936,0.98088685,0.985190959,1.039820675,0.966522952,0.973760168,1.004850445,1.03378922,1.048508431,1.001979218,1.080246914,1.010057143,1.028739534,0.990101188,0.924905577,1.043478261,1.026243094
000671.XSHE,1.033898305,1.012750455,1.032374101,0.963414634,1.045207957,0.984429066,1,1.026362039,0.976027397,0.954385965,1.001838235,1.016513761,1.068592058,1.162162162,1.193313953,0.881851401,0.943370166,0.970717423,1.054298643,0.902718169,0.982567353,1.051612903,1.030674847,1.013392857,1.046989721
000686.XSHE,0.950939457,1.024149286,1.02357985,1.030366492,1.004065041,0.990890688,1.029622063,1.001984127,1.032673267,1.020134228,0.968984962,0.974781765,1.072636816,0.977736549,0.989563567,0.97219559,1.006903353,0.956904995,0.975435005,1.003147954,0.992677824,0.954689146,1.01214128,0.996728462,0.971553611
000709.XSHE,1.024096386,0.945882353,1.029850746,1,0.97826087,1.032098765,1.023923445,1.009345794,1.236111111,0.941947566,0.904572565,0.973626374,1.090293454,0.952380952,0.965217391,0.970720721,0.990719258,0.962529274,0.98296837,1.004950495,0.990147783,0.955223881,1.041666667,0.9725,0.982005141
000712.XSHE,0.963527851,1.002064694,1.052197802,1.073759791,1.00668693,0.978864734,1.143738433,1.035598706,0.998958333,1.015119917,0.933230611,0.969730325,1.080022701,0.993694167,1.044949762,1.057186235,0.986596458,0.915089762,0.990455992,1.026766595,0.924400417,0.955442752,1.017709563,1.008700696,1.013225992
000718.XSHE,1.042402827,0.962711864,1.031690141,1.010238908,0.976351351,0.996539792,0.987847222,0.949033392,1.02037037,0.985480944,0.987108656,1.014925373,0.992647059,1.007407407,1.049632353,0.938704028,1.009328358,0.981515712,0.979284369,0.969230769,1,0.938492063,1.016913319,0.95010395,0.967177243
000725.XSHE,1.083333333,0.937965261,1.047619048,0.982323232,1.043701799,1.002463054,0.948402948,1.012953368,0.99488491,0.969151671,1.00530504,1.005277045,0.992125984,1.034391534,1.010230179,1.048101266,1.1352657,1.061702128,1.214428858,1.062706271,0.951863354,0.973898858,0.887772194,1.079245283,0.973776224
000728.XSHE,0.976460331,1.069642857,1.012520868,1.037098104,0.9936407,0.9688,1.064409579,1.005430566,1.00462963,1.06374808,0.934296029,1.01236476,1.096946565,0.985386221,0.999293785,0.971024735,0.989082969,0.915378955,0.971864952,1.033912324,0.9696,0.972772277,1.013570823,0.981589958,0.958226769
000738.XSHE,1.011566772,0.943347193,1.051790634,1.032477737,1.012683917,0.98496994,1.019328586,0.930139721,1.010729614,1.021231423,1.029106029,0.967171717,1.018798956,1.020502307,0.996484179,0.998991935,1.027245207,0.995579568,0.911692156,0.992424242,0.975463468,0.912800447,1.014084507,0.989130435,1.004273504
000750.XSHE,0.957446809,1.042424242,1.027131783,1.037735849,0.998181818,0.983606557,1.038888889,1.012477718,0.992957746,1.072695035,1,0.963636364,1.056603774,0.977272727,0.985049834,0.97301855,1.005199307,0.955172414,0.97833935,0.992619926,0.981412639,0.965909091,1.009803922,0.994174757,0.97265625
000768.XSHE,0.983560091,0.965417867,1.061492537,1.051181102,0.997324773,1.005901288,0.976533333,0.972692518,1.015160022,1.043141593,1.04135737,0.954684318,0.999466667,0.993062967,0.991402472,1.012466125,1.05888651,0.98281092,0.930555556,1.008844666,0.988493151,0.940133038,1.018867925,1.009837963,1.036103152
000776.XSHE,0.982758621,1.059379217,1.015923567,1.014420063,1.013597033,0.992073171,1.039336202,1.020697812,0.997682503,0.994773519,0.968476357,0.999397227,1.133896261,0.971808511,1.007662835,0.990765888,1.009320175,0.957088539,0.987514188,0.997701149,0.996543779,1.000578035,0.986135182,1.006444054,0.962165308
000778.XSHE,1.037410072,0.884882108,1.064263323,1.020618557,0.940836941,0.998466258,0.961597542,0.977635783,1.053921569,1.024806202,0.989409985,1,1.033639144,0.957100592,0.964451314,0.977564103,0.986885246,0.980066445,0.969491525,0.986013986,1.00177305,0.92920354,1.026666667,0.974025974,0.992380952
000783.XSHE,0.954117647,1.097410604,1.017977528,1.027593819,0.996777658,0.965517241,1.033482143,1.006479482,0.990343348,1.03900325,0.960375391,0.998914224,1.066304348,0.978593272,1.00625,0.989648033,0.99790795,0.952830189,0.97029703,0.985260771,0.996547756,0.984988453,1.011723329,0.981460023,0.956316411
000792.XSHE,0.989637306,0.970680628,1.025889968,1.029442692,1.086823289,0.993421053,1.014191107,0.981343284,1.101711027,1.024158758,0.933445661,1,1.056859206,1.202391119,1.207386364,1.144705882,0.868961973,0.956830278,0.935105068,0.998017184,0.923178808,0.903156385,1.088959492,0.954777535,0.999236058
000793.XSHE,1.013592233,0.971264368,0.986193294,0.979,1.013278856,1.003024194,0.996984925,1.047379032,1,1.030798845,0.959850607,1.024319066,1.013295347,0.99343955,0.970754717,0.978620019,1.018867925,1.001949318,0.965953307,1.048338369,0.983669549,1.030273438,0.97535545,0.978620019,1.075471698
000800.XSHE,0.978743961,0.942744324,1.020942408,1.026666667,1.003996004,1.026865672,0.947674419,0.982617587,1.021852237,1.024439919,0.992047714,1.02004008,1.039292731,1.072778828,0.997356828,1.083922261,1.138549307,0.951324266,0.898419865,1.011725293,0.948675497,0.894415358,1.059512195,0.989871087,0.96744186
000826.XSHE,1.020453535,1.014379085,1.040378007,1.023121387,0.998385795,1.016572352,0.949105368,0.968160871,0.993509303,1.007404181,1.034587116,1.015879649,0.971205265,1.043625582,1.004058442,0.998383185,1.041295547,1.006609642,1.007338741,0.957822086,0.983586869,0.993894994,0.966011466,1.035608309,1.009005321
000839.XSHE,1.036719706,1.012987013,1.040792541,1.012318029,0.988938053,1.130872483,0.958456973,0.942208462,1.017524644,1.020452099,1.020042194,1.011375388,1.100204499,1.06133829,1.027145359,0.929241262,0.987155963,0.968401487,1.022072937,1.161502347,1.018593371,0.805555556,0.898522167,1.006578947,0.95751634
000858.XSHE,1.065132336,1.025496975,1.07922461,1.007809449,1.087175513,0.934604419,0.976739752,1.048604333,1.019173492,1.000913242,1.018613139,0.950913651,1.026563677,0.952651863,1.068194953,1.003967538,1.072570505,1.027968514,1.071847507,1.059583523,1.053507388,0.903458606,0.966390354,1.101060512,1.090651558
000876.XSHE,0.993131868,1.006915629,1.006868132,1.006821282,1.028455285,0.996047431,1.018518519,0.979220779,1.014588859,1.036601307,0.936948298,0.98923284,1.004081633,1,0.989159892,0.984931507,1.016689847,0.987688098,0.997229917,1.044444444,0.990691489,1.020134228,0.976315789,1.010781671,0.978666667
000895.XSHE,1.020640956,1.051091006,1.06278481,0.979037637,1.048175182,0.998607242,0.953045095,0.965365854,0.986356746,1.006659836,1.022391858,1.029367845,1.002417795,1.003376749,1.028846154,1.048598131,1.027629234,1.010407632,1.021888412,1.072238555,0.959655307,1.005714286,0.929788961,1.048450458,1.034138218
000917.XSHE,1.014247551,0.939420544,1.045794393,1.016085791,0.991204925,1.00621118,0.954144621,0.938077634,1.034482759,1.008571429,1.004721435,0.983082707,1.043977055,1.015567766,0.986474301,0.957952468,1.044847328,0.949771689,0.966346154,1.135323383,0.971954426,0.872858431,0.973140496,0.963906582,0.982378855
000938.XSHE,1.041092035,0.995404163,1.030418251,1.017395888,1.088601036,1.004521656,0.984600805,0.939846006,1.003328213,0.973972952,1.046371496,1.011517276,1.023267327,1.00822448,0.972168906,1.040227048,1.066192171,0.959724077,1.034083005,1.039461883,1.072044866,1.027967807,0.944216089,0.986318408,0.969314838
000963.XSHE,1.005623553,0.996710526,1.085478548,0.985709942,1.021283159,0.999697976,0.953172205,0.97844691,0.995140914,1.000325521,1.046208916,0.970451011,0.994871795,0.991945876,1.002273465,1.036292936,1.094434021,1.037142857,0.973002755,1.037089468,0.931476931,1.004689332,0.958284714,0.979299848,1.008392913
000977.XSHE,1.097576948,0.962410501,0.996900186,0.996268657,0.97627965,1.028772379,1.009944065,0.928,1.108753316,0.971889952,1.018461538,1.04652568,1.023094688,1.025395034,1.084755091,0.9695586,1.027734171,0.939409369,0.965853659,1.080808081,1.087746625,0.967064439,0.94225074,1.014143531,1.02892562
000983.XSHE,1.032742156,0.947159841,1.059972106,1.085526316,1.029090909,1.055359246,0.988839286,1.17268623,1.031761309,0.972947761,0.960690316,0.983033932,1.218274112,0.979166667,0.911489362,0.984126984,0.961100569,0.975320829,0.967611336,0.970711297,0.984913793,1,1.050328228,0.964583333,1.051835853
001979.XSHE,1.045121263,1.031300594,1.050758765,0.982569721,1.063862139,0.93187232,1.017893661,0.985936715,0.963321447,0.987837123,1.004282655,0.981876333,0.997828447,1.0304679,1.026399155,0.927469136,0.98114254,1.001130582,1.009034444,0.992165641,1.019740553,1.05199115,0.994216614,0.967213115,1.007654456
002007.XSHE,1.027710843,1.019343494,1.035652674,0.988617435,1.026677899,0.859682713,0.945275215,0.945136318,1.003561254,1.019517388,0.995823181,0.968891996,1.004689755,1.002872531,0.976011457,0.996698459,1.039013618,1.006730429,0.989092189,1.03166133,1.043103448,0.960991736,0.981424149,0.992989835,0.977056124
002008.XSHE,1.056765677,0.966271081,1.048480931,0.972872996,1.094423321,1.066878981,0.991587517,1.02244116,0.954764454,0.954583684,1.046108664,0.97332959,1.115950389,1.027138796,0.998741822,1.042831948,1.072964484,1.068002702,0.984819734,1.115606936,1.054308194,0.93793229,0.966427324,1.066064257,0.987191561
002024.XSHE,1.032608696,0.961722488,1.057711443,1.032925682,1.003642987,1.006352087,0.986474301,0.958866545,1.125834128,1.010160881,1.003352892,0.965747703,1.010380623,1.01369863,0.998310811,1.040609137,1.136585366,0.973533619,1.069066863,1.003436426,0.865753425,0.949367089,0.993333333,1.049496644,0.981614708
002027.XSHE,0.991758242,1.070637119,1.108667529,0.871645274,1.050870147,0.989808917,0.942084942,0.983606557,1.019444444,0.979564033,1.069541029,0.937581274,1.088765603,1.057324841,0.985542169,1.006112469,1.088699878,1.069196429,1.048016701,1.024900398,0.972789116,1.035964036,1.030858245,1.038353601,1.008108108
002049.XSHE,1,1,1,1,1,1,1,0.821695356,0.982213439,0.975050302,1.059430458,1.042851578,1.056779978,1.033227289,1.065343825,1.086062942,1.017740982,1.002905288,0.929026651,1.228874337,0.972342045,1.285751566,1.020093363,1.001392758,0.977150805
002065.XSHE,1.116788321,0.968253968,1.010607522,1.009541985,0.967863894,1.048828125,0.952513966,0.974584555,1.016048144,0.989141165,1.011976048,0.985207101,1.002002002,1.042957043,1.055555556,0.989110708,1.030275229,0.960819234,0.916589435,0.977755308,1.025853154,0.925403226,1.021786492,0.980810235,0.961956522
002074.XSHE,0.994889267,0.984160959,1.07046542,1.085331166,1.008236615,1.065725956,0.974912892,1.047176555,1.066894198,0.919065899,0.968325792,0.957584472,0.983483483,1.13740458,0.97885906,0.958861844,0.98248123,0.979621543,0.95282318,0.991423002,1.0043256,1.008613939,0.905667702,0.94684955,0.979176098
002081.XSHE,0.98973306,1.002074689,1.059006211,0.999022483,1.056751468,1.015740741,0.963536919,1.004730369,1.02354049,0.980680773,1.036585366,0.966515837,1.031835206,0.992740472,1.031992687,0.95659876,1.031481481,1.090664273,1.060082305,1.031055901,1.106927711,1.034013605,0.951973684,1.049067035,0.930171278
002085.XSHE,1.018963338,0.919975186,0.991233985,1.055782313,1.119845361,1,0.957997699,0.965165165,1.027380212,0.993337371,1.015853659,1.016806723,1.050767414,1.035955056,1.023318872,1.078961314,0.864931238,0.966496309,0.98413631,0.997014925,0.999401198,1.004194128,1.007756563,0.995855536,0.992271106
002129.XSHE,1,1,1,1,1,1,1,1,1,1,1,1,1,1,1,1,1,1,1,1,1,1,1.332116788,1.021004566,1.152951699
002131.XSHE,1.008645533,0.968571429,1.10619469,0.957333333,0.947075209,0.982352941,0.979041916,0.944954128,1,0.996763754,0.980519481,0.970198675,1.061433447,0.980707395,1.003278689,0.986928105,1.139072848,0.947674419,0.963190184,0.99044586,0.987138264,0.970684039,1,1.006711409,0.963333333
002142.XSHE,0.960456274,1.071258907,0.985218034,0.979744936,1.069678407,1.057265569,1.037237644,1.016318538,0.991008349,0.958522359,1.011494253,1.040775401,1.004495825,0.995524297,0.998715478,0.996784566,1.02,1.013282732,1.056179775,0.991134752,1.022659511,1.025072886,0.9778157,0.986620128,1.016509434
002146.XSHE,0.990217391,1.052689352,0.997914494,0.97492163,1.032154341,0.989615784,0.955928646,1.059275521,1.037305699,0.998001998,1.014014014,0.980256663,0.963746224,1.011494253,1.041322314,0.924603175,0.969957082,0.972345133,1.020477816,0.97212932,0.958715596,0.974880383,1.018404908,0.985542169,1.019559902
002152.XSHE,0.997364954,0.966974901,1.058743169,1.027096774,1.013819095,1.019826518,0.947752126,0.974358974,1.027631579,0.985915493,1.04025974,0.973782772,0.996153846,1.038610039,0.992565056,0.95380774,1.017015707,0.962676963,0.978609626,0.93852459,0.972343523,0.958083832,1.0375,1.013554217,1.075780089
002153.XSHE,0.970892019,0.991295938,0.996097561,1.021057786,1.086810552,1.012356575,0.95902354,0.999545455,1.008185539,1.035633739,1.021777003,0.940323956,1.084315503,1.036371237,0.959257765,0.989066442,1.018707483,0.994156928,1,1.087321579,1.040540541,1.029313544,1.028478731,1.041359972,0.986199933
002174.XSHE,1.085080645,1.013006317,1.147468819,0.971867008,1.037171053,1.004757374,0.93655303,0.981125716,1.050498111,0.967298888,1.035835024,0.84464752,0.99072643,0.988299532,0.981846882,0.955787781,1.042893188,1.002016129,0.947283702,1.051826678,0.969305331,0.9225,0.957091238,1.09863143,1.021477663
002183.XSHE,1.012738854,0.993710692,1.072151899,1.016528926,0.996515679,1.008158508,0.96416185,0.947242206,1.013924051,0.997503121,1,1,1,1.112640801,0.98200225,0.964490263,1.052256532,1.046275395,0.88781014,1.019441069,0.957091776,0.925280199,1.01345895,0.969455511,0.98630137
002195.XSHE,0.957446809,1.002222222,1.048780488,1.021141649,1.130434783,0.978021978,0.95505618,0.941176471,1.25,1.051666667,1,0.977812995,1.021069692,0.952380952,0.983333333,0.947457627,0.991055456,1.041516245,0.883882149,1.050980392,0.949626866,0.905697446,1.045553145,1.002074689,0.962732919
002202.XSHE,1.000918274,1.027522936,1.029464286,0.99045967,1.032399299,0.972010178,0.992146597,0.972735268,1.029837251,0.998244074,1.00351803,0.990359334,1.055752212,0.995808885,1.057239057,1.022292994,1.058411215,1.058130979,1,0.99930459,1.146833681,0.980582524,0.971534653,1.060509554,1.037837838
002230.XSHE,1.039298991,1.013285641,1.051941503,1.026366251,1.123306866,1.207484407,0.916666667,1.145755071,1.034754098,1.022813688,1.197645601,1.019141231,0.984010152,0.939386123,1.024162548,0.945576408,1.032605614,0.91405821,1.045659357,1.149095088,1.04825,1.060577152,1.02878345,0.903825137,0.960580411
002236.XSHE,1.083482409,1.047881123,1.176995798,0.928603302,1.11773186,0.97205503,1.051304732,1.00252419,1.002098196,0.956867672,1.115536105,0.950961161,1.023514851,1.010076582,0.936153232,1.010230179,1.065822785,1.007125891,1.053459119,1.056716418,1.007062147,0.902173913,0.944422853,1.043209877,0.9234714
002241.XSHE,1.013986014,0.98045977,1.12954279,0.977685522,1.024416136,0.960621762,0.968716289,1.049554566,1.012201592,0.995807128,1.096315789,0.963034085,1.084745763,0.983455882,0.935514019,0.999000999,1.0035,1.005480817,1.084241824,0.968464351,1.030202926,0.945029776,0.917595734,0.976756471,0.931314224
002252.XSHE,1,1,1,1,1,1,1,1,1,1,1,1,1,1,1,1.016815035,0.99270428,0.999510044,0.98627451,0.997514911,1.002989537,0.986090412,0.995465995,0.997469636,1.00304414
002292.XSHE,0.99200533,0.971121558,1.076763485,1.048811818,1.070422535,0.958237986,0.899701493,0.913072329,1.044331395,1.008350731,1.02484472,0.995286195,1.043301759,0.988326848,0.977690289,1.012751678,1.045725646,0.951837769,0.985352863,1.091216216,1.027863777,0.921686747,0.961437908,0.991162475,1.028806584
002299.XSHE,0.996879875,0.984350548,1.150238474,1.03593642,1.014676451,1.078238001,0.965243902,1.047378395,1.079613993,1.036871508,0.927262931,1.070889018,0.941942485,0.911866359,0.989892609,0.973197192,1.034754098,0.985424588,0.974276527,0.949174917,1.00069541,1.000694927,0.997222222,1.037604457,1.053691275
002304.XSHE,1.007172518,1.042103948,1.021939815,0.98122947,1.036107126,0.963189476,0.979992812,1.036308068,1.035625811,0.984850211,1.012028684,0.989142857,0.997342577,0.983549583,1.035217903,1.120719081,1.055634518,1.076553183,0.99124531,1.019286229,0.973209549,0.996820205,0.940393729,1.056503198,1.027061737
002310.XSHE,1.026451984,0.858263305,1.088772846,1.023980815,1.006440281,0.990110529,1.082256169,0.934310532,0.987797792,0.98,1.133853541,0.986236104,1.004830918,1.046474359,1.059724349,0.969171484,1.017395626,1.052760137,1.02412993,0.947439964,0.982783357,0.964476886,1.049949546,1.021143681,0.967058824
002385.XSHE,0.988095238,1.024096386,1.028571429,0.990196078,1.011551155,1.048939641,0.973561431,0.955271565,1.008361204,1.048092869,0.94778481,1.015025042,1.019736842,0.987096774,1.004901961,0.98699187,1.008237232,0.982026144,1.009983361,1.004942339,1.031147541,1.034976153,0.949308756,0.990291262,1.006535948
002415.XSHE,1.092673267,1.00108735,1.116944243,0.936466775,1.083419868,0.970607029,0.978933509,1.016476126,0.980482964,0.952091768,1.107370659,0.96448,1.079960186,0.989554531,0.984476871,0.973825292,1.113341969,1.023269343,1.033541785,1.089933993,0.988392632,0.958641818,0.986684421,1.049932524,0.966066838
002424.XSHE,1.092405063,0.988991889,0.992970123,1.027138643,1.07007467,1.001073537,0.966219839,0.93063263,1.039952296,0.962155963,1.007151371,0.972189349,1.016433354,1.019760479,0.985907223,0.984514592,1.085299456,1.080824972,0.952037133,0.974539545,0.97832129,0.932954545,0.956760049,0.986632718,0.990967742
002426.XSHE,1,1,1,1,1,1,1,1,1,1,1,1,1,1,1,1,1,1,0.811594203,0.957792208,0.971186441,1.076788831,0.995137763,0.957654723,0.993197279
002450.XSHE,1.006598985,1.006051437,1.028070175,1.020477816,1.064500717,0.988330341,0.965485922,1.025399812,0.901376147,0.982697201,1,1,1,1.085447954,1.035305344,0.964976959,1.071155683,1.00312082,1.075111111,1.016535759,1.044733632,0.945504087,0.965829559,1.019181586,0.972396487
002456.XSHE,0.991547464,1.04,1.053593947,0.996409336,1.049249249,1.062965083,0.957458266,1.062429696,1,1.001588142,1.072410148,0.983242977,1.073684211,0.988795518,0.95184136,1.038690476,1.009551098,1.080416272,1.039842382,0.994947368,1.032585696,0.984016393,0.923781758,1.03606853,0.902523934
002465.XSHE,1.007662835,1,1.012357414,1.030046948,0.971741112,1.041275797,1.007207207,0.989266547,1.028933092,1.000878735,1.006145742,0.990401396,0.987665198,0.988403211,1.009025271,1.025044723,1.007853403,0.967099567,0.96866607,1.006469501,0.966023875,0.933460076,0.950101833,0.964630225,1
002466.XSHE,1.015024191,0.930255896,1.093851133,1.074457594,1.116796696,1.029381549,1.086027944,1.121117442,0.96442623,0.983851776,0.985487215,0.989831697,1.121856181,1.153615409,0.890379089,1.006916692,0.912990383,1.045477345,1.025267871,1.03930744,0.86087348,1.02806834,0.918093946,1.010712966,0.946820175
002470.XSHE,1.014947683,1.001472754,1.047058824,1.004213483,1.022377622,0.997264022,1.024691358,1.058902276,1.018963338,0.986352357,0.98490566,1.034482759,0.998765432,0.992583436,1.00747198,0.975278121,1.064638783,1.063095238,1.01343785,1,1,1,1,1,1
002475.XSHE,1.053116147,0.951580363,1.033215548,0.982216142,1.05362117,0.97752809,1.022988506,1.065432915,0.998759305,0.931677019,1.12,0.95952381,1.018610422,0.985992692,0.946880791,1.012393999,1.008376289,1.090734824,1.120093732,0.99790795,1.003668763,1.034464752,0.91822312,1.115997801,0.928078818
002500.XSHE,0.958785249,1.024886878,1.015452539,1.02826087,1.003171247,1.002107482,1.133543638,1.052875696,1.005286344,1.042068361,0.95626577,0.988566403,1.078291815,0.975247525,0.978849408,0.97752809,0.977011494,0.926696833,0.963867188,1.012158055,1.029029029,0.963035019,0.997979798,0.956477733,0.97989418
002568.XSHE,0.941142857,0.980570735,1.045820433,0.995855536,0.96313912,1.079012346,0.995423341,0.918965517,1.023764853,0.99144777,1.012322859,1.000608643,1.007907543,1.027761014,1.051086318,0.983240223,1.069318182,0.950053135,0.921700224,0.982402913,0.934527486,0.895571712,1.01402214,0.968704512,0.987978963
002594.XSHE,1.00754717,1.019350811,1.018371096,1.019843656,1.004716981,0.994327074,0.974227818,1.012520194,0.970482649,1.008220304,0.980839788,0.994596841,1.00605934,1.073727934,1.104061896,1.185529082,1.006354367,1.003671072,0.912216533,1.047794707,0.976121231,1.103967383,0.897159091,0.988125396,0.995193078
002673.XSHE,0.956358164,1.044059795,1.011303693,1.067064083,0.983240223,1.004971591,1.057243816,0.999331551,1.005351171,1.001996008,0.95750332,1.060332871,1.052975801,0.983229814,0.989260897,0.980842912,1.018880208,0.948881789,0.948821549,0.981547197,0.987707881,0.93704246,1.021875,0.97706422,0.990610329
002714.XSHE,0.965722802,0.978395062,1.077287066,1.012445095,1.014461316,1.055595153,1.083051992,0.978179551,0.991077119,1.12926045,0.997722096,1.097031963,1.201873049,0.95021645,0.960820046,0.958274064,1.072736269,1,1.129612546,1.074724377,0.973404255,1.085870414,0.924874191,1.144966965,0.970128988
002736.XSHE,0.948558067,1.038619556,1.018987342,1.000776398,1.016291699,1.003053435,1.041856925,1.024105186,1,0.993580599,0.966977746,1,1.050482554,0.983745583,0.988505747,0.972383721,1.014947683,0.97275405,0.968205905,1.006254887,0.992229992,0.952231793,0.984375,0.976608187,0.950384944
002739.XSHE,1.034032898,1.001919912,1.062961949,0.982487767,0.926081258,0.978205491,1,1,1,1,1,1,1,1,1,1,1,1,1,1,1,1,1,1,1
002797.XSHE,0.83203125,1.09741784,1.011764706,1.023255814,0.955578512,0.996756757,0.994577007,0.934569248,1.077012835,1.187432286,1,1,1.047445255,0.968641115,1.122302158,0.96474359,1.059800664,0.937304075,0.945652174,0.99204244,0.965240642,0.867036011,1.018104366,0.986401674,1.033934252
300002.XSHE,0.977725674,0.992805755,1.007246377,1.003597122,1.004778973,1.008323424,0.970518868,0.85054678,1.004285714,1.004267425,1.043909348,0.986431479,1.079779917,1.022929936,0.97260274,0.971830986,1.018445323,0.912031048,0.970212766,1.016081871,0.981294964,0.906158358,1.050161812,0.976887519,0.998422713
300015.XSHE,1.045422781,0.980614973,0.981595092,1.044444444,1.028590426,0.983193277,0.961867193,1.028024607,0.996010638,1.010680908,0.998678996,0.978174603,1.048681542,1.033526757,1.013100437,1.012315271,1.062043796,1.0395189,1.023140496,1.066235864,0.952020202,0.922015915,1.070195627,1.020967742,1.014218009
300017.XSHE,0.9375,0.937719298,1.067352666,1.068361087,0.982772765,1.016694491,0.945812808,0.846354167,1.047179487,1.029382958,1.058991437,0.983827493,1.044748858,1.116258741,0.921691464,1.021240442,1.027454243,0.87854251,0.948387097,0.853255588,1.039863326,0.987951807,1.10864745,1.013,0.96248766
300024.XSHE,1.061700945,0.95026178,1.042424242,1.014270613,1.015633142,1.035915854,0.984645864,0.961267606,1.040816327,1.039718451,1.015473888,1.02,1.045751634,1.000892857,0.944692239,1.012747875,1.04988345,0.969360568,0.936784242,1.014180929,0.975891996,0.94812253,1.024491923,0.964903357,1.023194518
300027.XSHE,1.012106538,0.912679426,1.056356488,1.024813896,0.986682809,1.001226994,1.011029412,0.998787879,1.143203883,0.988322718,1.006444683,0.960512273,1.017777778,1.005458515,1.026058632,0.938624339,1.013528749,0.966629588,0.990794016,0.989547038,0.980046948,0.968862275,1.048207664,1.044811321,1.006772009
300033.XSHE,0.997467927,1.032662041,1.00229433,0.983485939,1.009975062,1.008065844,0.95019595,0.83296099,1.003713637,1.090647482,1.055974369,0.960199893,1.133828996,1.02295082,0.971634615,1.007257133,1.014737187,0.946748427,0.940173854,0.992204496,0.994153115,0.920235251,1.010984622,1.002370605,0.986007095
300058.XSHE,1.01810585,1.046511628,1.043137255,0.988721805,0.994930292,1.002547771,0.933926302,0.941496599,1.047687861,0.997241379,1.030428769,1.010738255,1.015936255,1.02875817,0.984752224,0.96,1.036290323,1.02075227,0.917407878,0.965373961,0.991391679,1.017366136,0.995732575,0.944285714,0.969742814
300059.XSHE,1.016538037,1.035791757,1.083769634,1.007729469,0.985618408,1,0.944552529,0.927909372,1.063263041,1.155532359,1.061427281,0.936170213,1.155454545,0.962234461,0.991005724,0.943069307,1.010498688,0.942857143,0.940312213,1.041015625,1.020637899,1.022058824,1.064748201,0.984797297,0.947684391
300070.XSHE,1.000529661,0.944415034,1.075672646,0.967170401,0.996767241,1.035675676,0.958246347,0.925381264,1.010005886,1.013403263,1.096607246,0.988463555,1.00265252,0.977777778,0.999458874,0.961559285,1.02759009,1.007671233,1.02011963,0.953091684,0.996085011,0.951712521,1.007669617,0.990632319,1.017730496
300072.XSHE,1.018151261,0.851766259,1.064341085,1.004005827,1.029379761,1.020084567,0.921243523,0.940007499,0.936577583,0.992333901,1.049785408,1.042518397,0.970196078,1.004042037,0.969404187,0.983388704,1.087837838,1.125776398,0.94,0.990462216,1.02,0.931735657,1.037412315,1.044703231,1.020136641
300085.XSHE,0.98943662,0.986951364,1.050480769,1.017162471,1.004499438,1.035834267,0.948648649,0.846153846,1.041077441,1.038809832,1.01369863,0.972972973,1.063762626,0.992878338,1,1,1,1,1,1,1,1,1,1,1
300122.XSHE,0.92050412,0.949447077,1.084303938,0.964194373,0.970822281,1.108196721,0.975838264,0.956038403,1.070295983,1.137777778,1.019965278,0.961702128,1.046902655,1.076500423,1.004318806,1.041438624,1.043918919,1.029485796,1.005937827,0.994444444,1.001396648,0.967921897,1.101224784,0.979064442,0.997327097
300124.XSHE,1.030616839,0.99126256,1.022036139,1.055196205,1.03228443,0.961995249,0.979423868,1.029831933,1.004079967,0.996749289,1.048104362,0.97588487,1.061379035,1.060082614,0.972015586,1.016399417,1.06669057,0.988571429,1.00816049,0.956492411,0.976727786,0.958483755,1.016949153,1.011851852,1.002928258
300133.XSHE,1.136125654,0.980645161,1.078947368,0.992160279,0.974539069,1.030630631,0.869755245,0.994974874,1.162626263,1.105125977,1.009433962,0.926791277,1.05210084,0.95686901,0.992487479,0.912531539,1.049769585,0.961369622,0.99086758,0.986175115,0.969158879,0.958534233,1.048289738,1.02303263,1.009380863
300144.XSHE,0.991337825,1.00631068,1.049204052,0.966896552,0.998573466,1.011904762,0.923764706,0.973000509,1.02408377,0.972903885,1.027850762,0.957055215,1.028846154,1,0.977673936,0.981412639,1.033008658,0.994761655,1.030542391,1.003576903,1.047861507,0.937317784,0.959046138,0.98972973,0.979246313
300146.XSHE,1.020018198,1.017841213,1.020157756,0.975945017,1.035211268,1.142006803,0.951600894,0.984350548,1.10572337,1.002156722,1.058823529,0.951219512,1.023504274,0.960334029,0.983333333,0.966838615,1.012957317,0.987208427,1.007621951,1.015885023,1.066269546,0.973463687,0.961979914,1.033557047,1.032467532
300168.XSHE,1,1,1,1,1,0.927573062,0.957534247,0.927753934,1.166538165,1.017184402,1.037037037,0.917293233,1.080601093,0.95954488,0.974967062,0.936486486,1.059163059,0.961852861,0.933427762,1.01138088,0.985746437,0.948249619,1.037720706,1.030162413,0.993243243
300182.XSHE,1.047362756,1.003083248,0.99897541,0.977435897,0.987408185,0.98512221,1.012944984,0.955271565,1.039018952,1.092274678,1.00589391,0.958007813,1.007135576,0.973684211,0.98960499,0.986344538,1.020234292,0.956158664,1.001091703,0.994547437,0.969298246,0.943438914,0.990407674,1.031476998,1.042253521
300251.XSHE,0.997530864,0.952970297,1.057142857,1.017199017,0.981884058,1.003690037,0.980392157,0.98125,1.127388535,0.997740113,1,0.967157418,1.014051522,1.093533487,1.06969377,1.0029615,0.961614173,0.976458547,1.001048218,1.063874346,1.015748031,0.951550388,0.977596741,1.069791667,0.988315482
300315.XSHE,1,1,1,1,0.976136364,0.955762515,0.985383678,0.870210136,1.066761364,1.019973369,1.040469974,0.974905897,1.021879022,1.022670025,0.944581281,0.977835724,1.017333333,0.948885976,0.940607735,0.994126285,0.982274742,0.912781955,1.014827018,1.011363636,0.959871589
600000.XSHG,0.988626422,1.130973451,1.000782473,0.959343237,1.024449878,0.99363564,1.051240993,1.013709063,0.993238167,0.963691377,0.970172684,0.998381877,1.024311183,1.016613924,0.993774319,0.996084573,1.014937107,0.996901627,0.976689977,0.987271281,1.004834811,1.036086608,0.989164087,1.003912363,0.983632112
600005.XSHG,0.926934097,0.723338485,0.985042735,1.184381779,0.919413919,1.133466135,0.992970123,0.709734513,1.099750623,0.907029478,1,0.98,1.043367347,0.960880196,0.923664122,1.104683196,0.955112219,0.916449086,0.994301994,0.991404011,1.031791908,0.971988796,1.005763689,0.957020057,0.901197605
600008.XSHG,1.084892086,0.842175066,1.080314961,1.008746356,0.981213873,0.955817378,0.907550077,0.974533107,1.006968641,1.062283737,1.070032573,0.99391172,1.010719755,1.016666667,0.973174367,0.949464012,0.983870968,0.983606557,0.968333333,0.969018933,0.969804618,0.952380952,1.019230769,0.971698113,1.009708738
600009.XSHG,1.116332378,0.961755647,1.01601281,0.928289992,1.052631579,1.00188172,0.976388516,1.012366035,0.994571118,0.987991266,1.009944751,1.000820569,1.035528833,1.077065189,0.951972556,0.972200772,1.048186391,1.020459712,1.058415842,0.997895229,1.014530115,0.998613999,0.963219986,1.027377522,1.027115475
600010.XSHG,1.009615385,1.023809524,1.009302326,1.00921659,0.99543379,1.02293578,1.085201794,1.037190083,1.119521912,1.053380783,0.912162162,0.977777778,1.09469697,0.982698962,0.954225352,1.003690037,0.981617647,0.958801498,1.01953125,1.022988506,0.988764045,0.962121212,1.031496063,0.996183206,0.977011494
600015.XSHG,0.972845336,1.055825243,1.010344828,0.980659841,1.03712297,1.012304251,1.058563536,1.036534447,0.986908359,0.976530612,0.94984326,1.00440044,1.020810515,0.989270386,0.992407809,0.992349727,1.012114537,0.997823721,0.997818975,0.966120219,0.998868778,1.032842582,0.997807018,0.997802198,0.985682819
600016.XSHG,0.97318612,1.032414911,1.01255887,0.996899225,1.00933126,1.003081664,1.046082949,1.016152717,1.007225434,0.995695839,0.95389049,1.003021148,1.021084337,0.995575221,0.98962963,0.986526946,1.018209408,0.989567809,1.012048193,1.022321429,1,1.08588064,0.973190349,0.991735537,0.979166667
600018.XSHG,1.026455026,1.04467354,0.96875,0.989813243,1.030874786,0.996672213,1.058430718,1.025236593,1.018461538,0.978851964,0.953703704,1,1.011326861,1.0176,1.009433962,1.024922118,0.995440729,1.172519084,1.01953125,0.956577267,1.038718291,0.928020566,1.006925208,0.997248968,0.937931034
600019.XSHG,1.05204461,1.026501767,1.027538726,1.02680067,1.026101142,1.046104928,1.044072948,1.034934498,0.994374121,1.138613861,0.925465839,1.026845638,1.065359477,0.931288344,0.92226614,1.012857143,0.988716502,1.02425107,1.020891365,1.066848568,1.063938619,1.014423077,1.026066351,0.935334873,0.997530864
600021.XSHG,1.018930041,1.012924071,0.983253589,0.96593674,1.003358522,0.993305439,0.973883741,0.984429066,0.991212654,0.990248227,1.00179051,0.993744415,1.008093525,0.987511151,1.008130081,0.989247312,1.007246377,0.982913669,1.000914913,0.984460695,0.957288765,0.948593598,0.985685072,0.977178423,0.978768577
600023.XSHG,1.00776699,1.036608863,0.981412639,0.996212121,1.001901141,0.996204934,1,1.022857143,0.998137803,0.979477612,0.986666667,1.00965251,1.022944551,0.986915888,0.992424242,0.988549618,1.007722008,0.982758621,1.013645224,0.998076923,0.990366089,1.019455253,0.988549618,1.021235521,0.982986767
600028.XSHG,1.013539652,1.064885496,0.964157706,0.973977695,0.992366412,1.025,1.020637899,1.03125,0.98573975,0.987341772,0.981684982,1.007462687,1.003703704,1,0.994464945,1.011131725,0.983486239,1.007462687,1.022222222,1.048913043,0.946459413,1.03649635,0.975352113,1.001805054,0.989189189
600029.XSHG,0.989962359,1.087452471,1.024475524,1.006825939,0.969491525,0.982517483,0.973902728,1.015834348,0.952038369,0.994962217,1.039240506,0.976857491,1.063591022,1.043376319,0.946067416,0.976247031,0.98296837,1.00990099,1.042892157,1.045828437,1.07752809,1.108446298,1.001881468,1.036619718,1.009963768
600030.XSHG,0.993979933,1.052489906,1.012148338,1.008843967,1.023794615,0.985932722,1.036600496,1.001795332,0.990442055,0.999396864,0.984912492,0.995098039,1.099137931,0.971428571,1.021337947,0.993224167,0.998294486,0.987471526,0.982698962,1.002934272,1.032182563,1.058956916,0.98875803,0.990795885,0.973770492
600031.XSHG,1.004594181,1.039634146,1.046920821,1.023809524,1.113543092,0.986486486,0.95267746,1.071895425,1.015853659,1.032412965,0.923255814,1,0.959697733,0.990813648,1.005298013,0.974967062,1.033783784,1.007843137,1.053177691,0.954433498,1.058064516,1.02195122,1.063245823,0.968574635,0.969872538
600036.XSHG,1.026771654,1.081799591,1.014177694,0.954799627,1.151293314,0.981348029,1.041468683,0.993778515,1.033388982,1.010904685,0.974031163,1.060295324,1.002321083,0.978386723,0.999605523,0.970797159,1.038211382,1.014878622,1.038194444,0.972872538,1.03132162,1.075925926,0.953872633,1.011187297,1.014632405
600037.XSHG,1.04608632,0.944055944,1.047407407,1.009193777,1.017519271,0.988292011,0.965853659,0.992063492,1.010181818,1.015838733,1.007795889,0.993670886,1.048832272,0.996626181,0.983750846,0.997247075,1.007591442,0.962328767,1.017793594,0.982517483,1.024199288,1.01876303,0.968622101,0.949295775,0.956231454
600038.XSHG,1.018889925,0.895399405,1.070807771,1.063738362,0.998877917,1.019321501,0.967379326,0.947140579,1.047630503,1.059012629,1.02103209,0.943512423,0.941255908,1.022477284,0.995790458,0.982620949,1.126195029,1.015067912,0.927033243,1.032025259,0.973776224,0.97935368,1.027039413,1.036590808,1.004304778
600048.XSHG,1.012716763,1.047945205,1.023965142,0.976595745,1.076252723,0.987854251,1.043032787,1.046168959,0.958685446,0.957884427,0.981595092,1.022916667,1.009164969,1.067608476,1.063327032,0.929777778,0.95793499,1.00499002,1.038728898,0.969407266,1.025641026,1.107692308,1.074652778,1.012924071,0.958532695
600050.XSHG,1,1,1,1,1,1,1,1,1,1,1,1.119623656,0.951980792,0.94703657,0.96138482,1.030470914,0.97983871,0.95473251,1.094827586,1.041994751,1.005037783,1.022556391,0.859068627,1.004279601,0.957386364
600060.XSHG,0.995485327,0.998488284,1.056018168,1.015770609,1.018348624,0.986832987,0.960674157,1.025584795,1.0085531,0.977385159,1.01373825,1.017831669,0.999299229,0.981065919,1.03073624,1.061719834,0.991508818,0.996047431,0.982804233,0.988559892,1.046289993,0.959011061,0.999321574,0.970128988,1.00419874
600061.XSHG,0.959170013,1.058618283,0.978246539,1.021563342,1.01121372,1.002609263,1.003903709,1.042773817,0.977625855,0.999364272,0.99173028,1.002565747,1.04734485,0.979230299,0.995009357,0.996238245,0.999370673,0.985516373,0.981469649,0.957682292,0.995241332,0.988387978,0.99170698,1.006968641,0.968858131
600066.XSHG,1.012229016,1.054914882,1.048932847,1.02630273,1.027079304,0.995762712,0.978723404,1.083574879,0.958091841,0.983248022,1.000473261,0.95884579,1.006906759,1.024007839,1.074162679,1.04454343,1.045202559,1.010199918,0.991114701,0.977180114,0.998748957,0.959916493,1.005219661,0.981826049,0.999118554
600068.XSHG,0.924124514,0.989473684,1.124468085,0.989593188,1.022944551,1,1.026168224,1.051912568,0.950649351,0.928051002,0.983316977,0.982035928,1.033536585,0.979351032,1.057228916,0.961063628,1.010869565,0.960899316,0.98982706,0.914696814,0.998876404,0.998875141,0.987612613,0.995438997,0.92325315
600074.XSHG,1.034739454,0.947242206,1.017721519,0.986733002,1.078991597,1.041277259,0.940912491,0.917329094,0.90034662,1,1,1,1,1,1,1,1,1,1,1,1,1,1,1,1
600085.XSHG,1.031813709,1.020025429,1.016516049,0.992642551,1.078443484,0.977090493,0.971864009,0.979191797,0.996920234,0.972814334,1.018736107,0.985349127,1.006010756,0.990251572,0.991425849,1.013132607,1.019285488,1.026364764,1.030825023,1.006742891,0.974082702,1.001195815,0.95968946,1.019601742,0.978944156
600089.XSHG,0.965775401,1.00110742,1.069690265,0.988624612,1.040794979,0.99798995,0.982880161,1.014344262,1.029292929,1.00686948,0.935672515,0.976041667,1.037353255,1.012345679,1.013211382,0.961885657,1.018769552,0.979529171,1.01985371,1.014344262,1.051515152,0.961575408,0.97002997,0.984552008,0.987447699
600100.XSHG,1,1,1,1,1,1,1,1,1,1,1,1,1,1,1,0.877978339,1.022203947,0.911504425,0.963812886,1.029304029,1.037366548,1.018867925,0.937710438,0.933572711,0.975961538
600104.XSHG,1.027402701,1.060301508,1.013488881,1.001438849,1.065373563,1.002697235,0.994283793,1.004058167,0.962276861,0.961848092,1.017467249,1.028612303,0.973922114,0.995001785,0.995694295,1.039279279,1.055131761,1.014459415,1.008422417,0.954706071,1.036675639,0.994482311,0.956592689,1.03548277,0.979242175
600109.XSHG,0.992982456,1.007067138,1.015789474,1.032815199,0.986622074,0.941525424,1.01440144,0.977817214,1.004537205,1.037037037,0.996515679,0.979895105,1.090990187,0.986099755,0.998341625,0.964285714,0.998277347,0.951682485,0.972801451,1.005591799,1.005560704,0.987096774,1.001867414,0.965517241,0.971042471
600111.XSHG,1.003673095,0.98810613,1.021296296,1.013599275,1.017889088,1.024604569,1.2135506,0.995759717,1.317246274,1.051724138,0.950819672,0.926185345,1.089586969,0.993059263,0.940322581,0.926815323,0.940160395,0.990813648,0.939072848,1.006346968,0.985984583,0.937455579,1.06974981,0.958185684,0.987426036
600115.XSHG,0.98021309,1.052795031,0.995575221,0.998518519,1,0.99851632,0.977711738,1.039513678,0.973684211,0.995495495,1.009049774,1.014947683,1.013254786,1.010174419,0.975539568,0.992625369,0.994056464,1.002989537,1.008941878,0.991137371,1.007451565,1.060650888,1.011157601,1.027586207,1.006711409
600118.XSHG,1.002994012,0.98619403,1.021188044,1.028529085,0.997478386,1.001083424,0.991341991,0.95705968,1.025095057,1.014836795,1.006578947,0.976397967,1.018966158,1.012408759,1.002883922,0.996405464,1.017676768,0.982630273,0.954184704,1.036672968,0.971918308,0.963602251,0.97546729,1.054690619,0.997728993
600150.XSHG,0.973960521,0.931004743,1.058360352,1.014004376,0.999136815,0.994816415,1.015197568,0.97005988,1.020282187,1.045808124,1.00785124,1.038540385,1.006316621,0.978422911,0.975140337,1.014391447,1,1,1,1,1,1,1,1,1
600153.XSHG,1,0.994449584,1.030697674,1.018050542,1.063829787,1.000833333,1.004995837,1.047224524,1.018196203,0.993783994,0.960125098,0.990228013,1.012335526,0.962632006,1.003375527,0.952901598,1.018534863,1.01559792,0.970136519,1.019349164,0.95340811,1.024434389,0.993816254,0.967111111,0.970588235
600157.XSHG,1.002824859,0.98028169,1.011494253,1.008522727,1.008450704,1.01396648,1.013774105,1.035326087,0.994750656,1.018469657,0.948186528,0.983606557,1.052777778,0.98944591,0.986666667,0.978378378,0.991712707,0.983286908,0.991501416,1.005714286,0.971590909,0.98245614,1,1,1
600170.XSHG,0.963788301,0.99132948,1.023323615,1.002849003,1.034090909,1.013736264,0.997289973,1.024456522,0.99204244,0.983957219,0.991847826,1.002739726,1.024590164,0.997333333,1,0.99197861,0.991913747,0.997282609,0.997275204,1.008196721,1.008130081,1.005376344,0.983957219,0.997282609,0.983651226
600177.XSHG,0.990142388,1.025442478,1.044228695,0.997933884,1.011387164,0.993858751,1.015447992,1.037525355,1,0.989247312,0.960474308,0.984567901,1.008359457,0.995854922,1.010405827,0.969104016,1,0.98512221,0.997842503,0.995675676,0.98805646,0.979120879,1.007856341,0.993318486,0.985426009
600188.XSHG,1.017258883,0.994011976,1.052208835,1.075381679,1.045252884,1.022920204,1.033195021,1.130120482,0.97938877,0.95137881,0.913806255,0.987479132,1.139475909,1.00148368,0.926666667,1.017585931,0.952867243,0.968672712,0.982978723,1.045887446,1.041390728,1.022257552,1.043545879,0.961251863,1.074418605
600196.XSHG,0.996062992,1.035902503,1.027344992,0.973382854,0.971065183,1.002946955,0.948090108,0.962809917,1.018955651,0.994734995,1.035638673,1.018739353,0.973244147,1.003092784,1.056868791,1.057050243,1.113462128,1.074910493,1.018447348,1.078993711,0.948006528,0.933103788,0.997364259,1.124471459,1.037837838
600208.XSHG,0.987628866,1.016701461,0.983572895,0.96868476,0.982758621,0.973684211,0.986486486,0.988584475,1.004618938,0.972413793,0.992907801,1.00952381,1.014150943,0.997674419,1.051282051,0.949002217,0.992990654,0.995294118,0.990543735,1.016706444,1.089201878,1.079741379,1.015968064,1.053045187,1.014925373
600221.XSHG,0.990415335,1.025806452,1.018867925,0.99691358,0.996904025,0.99378882,1.009375,1.018575851,0.990881459,1.012269939,0.993939394,0.987804878,1.015432099,1,0.993920973,0.98470948,1.00931677,0.993846154,0.987616099,1.006269592,0.99376947,0.987460815,1.003174603,1.006329114,0.990566038
600252.XSHG,0.992287918,1.005181347,1.015463918,1.012690355,1.005012531,1.004987531,0.982630273,0.977272727,1.018087855,1.010152284,0.994974874,1.116161616,0.977375566,0.981481481,1.021226415,0.990762125,1.018648019,0.958810069,0.976133652,1.002444988,0.997560976,0.970660147,0.994962217,0.97721519,0.997409326
600256.XSHG,1.019337017,1.010840108,0.989276139,1.008130081,1.005376344,1.010695187,1.005291005,1.010526316,1.0234375,1.03307888,0.943349754,0.979112272,1.042666667,0.984654731,0.987012987,0.986842105,1.013333333,0.986842105,1.005333333,1.042440318,0.969465649,0.981627297,1.080213904,1.091584158,1.038548753
600271.XSHG,1.003397508,0.997742664,1.055429864,1.004823151,1.061333333,0.995979899,0.948536831,1.000531915,1.004784689,0.984656085,1.019881784,1,1.038988409,0.988843813,0.982051282,0.967624021,1.018888289,0.976165254,0.97287032,1.073061907,1.036902287,1.065162907,1.060705882,0.952528838,1.074988356
600276.XSHG,1.059876889,1.029303062,1.007437805,0.983197556,1.016312791,0.973757962,0.986917844,1.016436903,1.025821596,0.991100941,1.065674705,1.01324025,1.016155856,1.049333645,1.006016043,0.994241417,1.076854533,1.032685147,1.000400641,1.112134561,0.941843716,0.953163831,1.018251103,1.050423478,0.988749297
600297.XSHG,1.020989505,1.061674009,1.002766252,0.975172414,1.035360679,1.012295082,1.014844804,1,0.994680851,0.954545455,1.012605042,0.988934993,1.064335664,1.077529566,0.996341463,1.00244798,0.987789988,1.039555006,1.047562426,1.027241771,0.990055249,0.949776786,0.958871915,1.020833333,0.992797119
600309.XSHG,1.052058684,0.97705803,1.095764273,1.026890756,1.092062193,1.028849756,0.999271668,1.113338192,1.08903437,0.984971446,0.992065914,1.059058751,1.038629103,1.059004474,1.011618696,1.026363874,1.042726348,0.916585366,0.960351251,1.002770851,1.05277701,0.97847769,0.969152361,1.008580127,1
600332.XSHG,1.027283062,1.029140539,1.015053763,0.984816384,1.019003227,1.003870514,0.950928847,0.990416513,0.994789728,0.995136551,0.972180451,1.055684455,1.007326007,0.964,1.029045643,1.00659824,1.040786599,1.055283415,1.055702918,1,1,1,1,1,1
600340.XSHG,0.978547855,1.125463744,1.023973629,0.967808019,1.018445721,0.944180523,0.992767296,0.973392461,0.974617637,1.035058431,1.005483871,1.017003529,0.989905363,1,1.030911409,0.932302937,0.99535809,0.989007328,1.007746716,0.981617647,1.034729316,1.01052978,1.011722566,1.016736402,0.948084837
600352.XSHG,0.973913043,0.987723214,1.025988701,0.994493392,1.03986711,0.998935037,0.993603412,1.08583691,1.051383399,1.027255639,0.94967978,0.992292871,1.086407767,0.943699732,0.982954545,0.971098266,0.998015873,0.998011928,1.003984064,0.984126984,1.047379032,1.003849856,1.031639501,1.046468401,1.03374778
600362.XSHG,1.023627519,0.983027834,1.052486188,1.015748031,1.0374677,1.030510585,1.029003021,1.077510276,1.115531335,0.95456766,0.89457523,1.014874142,1.104284104,0.992853497,0.940359897,0.992892291,0.996696035,0.997790055,0.958471761,0.997689197,0.964678633,1.007803121,1.085169744,0.930296378,1.028908555
600369.XSHG,0.970260223,1.007662835,1.019011407,1.018656716,1.005494505,0.990892532,1.058823529,0.987847222,1.033391916,1.005102041,0.974619289,0.980902778,1.086725664,0.96742671,0.986531987,0.9778157,1.006980803,0.967071057,0.971326165,1,0.983394834,0.945590994,1.009920635,0.964636542,0.959266802
600372.XSHG,0.982213439,0.966465459,1.047883414,1.078807947,1.044812769,0.995887192,0.960471976,0.963759214,1.005098789,1.083703234,1.006436513,0.952325581,1.00976801,1.017533253,0.977421272,0.984802432,1.041975309,0.949052133,0.945692884,1.018481848,0.969539857,0.954545455,0.993697479,1.000704722,1.014788732
600373.XSHG,1.011311054,0.972038638,1.063284519,1.08165273,1.05684402,0.964716007,0.939339875,1.01377018,1.046838407,1.07114094,1.055137845,0.90023753,1.030782762,0.956484642,0.982604817,0.993191103,1.023308958,0.916033944,0.936128718,0.992708333,1.001573977,0.963331587,0.964654704,0.991544532,0.993177942
600376.XSHG,1.008016032,1.057654076,1.00093985,0.972769953,1.025096525,1.003766478,0.993433396,1.004721435,0.985902256,0.994280267,0.981783317,1.010742188,1.007729469,0.992329818,1.023188406,1.003777148,0.966133584,0.989289192,1.001968504,0.979371316,0.964894684,0.977130977,1.014893617,0.979035639,0.95503212
600383.XSHG,1.016309888,1.073219659,0.979439252,0.959923664,1.104373757,0.99279928,1.082502267,1.003350084,0.951585977,0.977192982,0.94524237,1.026590693,1.019426457,1.051724138,1.05608283,0.901143791,0.991840435,1,1.018281536,0.972172352,0.984302862,1.066604128,1.029903254,0.974380871,0.957931639
600406.XSHG,1,1,1.072636193,0.975481611,1.014961101,1.045400943,0.943598421,1.022713688,0.993571011,0.952352941,1.013588635,1.001218769,0.998174072,0.984756098,0.980185759,1.014529375,1.01120797,1.028325123,0.989221557,1.042372881,1.108594657,1.007333683,0.969318773,1.010193133,0.958576739
600415.XSHG,1.037552156,1.008042895,0.958776596,1,0.99445215,0.9958159,0.991596639,0.997175141,1.019830028,0.977777778,0.990056818,0.991391679,1.020260492,0.988652482,1.007173601,0.985754986,1.00433526,0.965467626,1.022354694,1.010204082,0.943722944,0.941896024,0.975649351,1.018302829,0.980392157
600446.XSHG,0.948661933,0.934945308,1.056034483,1.029737609,0.982446206,1.018443804,0.960384833,0.888037714,1.02986065,1.024484536,1.134591195,0.993348115,1.0390625,1.071965628,1.007014028,0.980099502,1.02284264,0.913647643,0.915806627,1.001779359,0.985198342,0.955528846,0.976100629,1.027706186,1.018181818
600482.XSHG,1.020763812,0.879041046,1.08677686,1.000760456,0.969224924,0.959231674,1.031467103,0.975832013,0.978887536,1.019493986,1.052481692,0.990336297,0.995706479,1.003528028,0.97734375,0.994404476,1.018890675,0.974753452,1.06717928,0.990140311,1.052470318,0.951601164,0.967112811,1.021747726,0.991873065
600487.XSHG,1.003052503,1.035909921,1.048766157,0.995518207,1.095104108,1.027749229,0.988,0.956477733,1.022751323,0.988618727,1.050235479,0.99103139,1.013574661,1.024305556,1.073123487,1.120036101,0.984689766,0.974631751,1.060033585,1.096237624,1.070447977,0.990212622,1,0.993524199,1.003430532
600489.XSHG,0.994029851,0.963963964,1.033229491,1.00201005,0.998996991,1.002008032,1.048096192,1.040152964,1.000919118,1.04040404,0.953221536,0.99537037,1.051162791,0.997345133,0.972493345,0.97080292,1.003759398,0.958801498,0.973632813,0.98996991,1.015197568,0.976047904,0.987730061,0.991718427,1.016701461
600498.XSHG,1.002325581,0.987470998,1.073308271,1.035901926,1.049450549,0.995972614,0.968863728,0.980801336,1.03106383,1.032191498,1.034386246,1.018940858,1.007207891,1.038418079,1.010155967,1.113105925,1.032903226,0.96689569,1.02874677,1.06310832,1.02215003,0.92689974,0.961658354,1.017828201,0.967834395
600518.XSHG,1.02858551,1.014374701,1.006613132,1.009385265,0.9995351,1.006046512,0.948682386,0.999512671,1.000975134,0.993667803,1.020588235,0.991834774,0.989346247,0.993636809,0.980788177,1.002009041,1.01754386,1.032512315,1.021469466,1.047174218,1.009812667,0.957597173,0.972324723,1.038425047,0.975331201
600519.XSHG,1.068474391,1.016988651,1.036617782,1.009527388,1.029626223,0.950491259,1.00635432,1.037351594,1.016953148,1.002824085,1.028812811,0.992584876,1.004815707,0.965960061,1.038950024,1.022653061,1.07060467,1.055565911,1.083155274,1.032133425,1.071648581,0.921011128,0.982043978,1.046020468,1.024739827
600535.XSHG,1.0172724,0.985496993,1.006819813,0.998217469,1.040714286,0.993822924,0.951657459,0.971335269,0.992155398,1.009412651,1.01230884,0.987472366,1.006716418,0.972572276,0.958460366,0.992445328,1.026842949,0.992586812,1.057389937,1.001486989,1.002227171,1.004444444,0.959439528,1.025365104,0.953148426
600547.XSHG,0.83203125,0.921529175,1.049490539,0.990984743,1.016095171,0.991046832,1.068102849,1.03057905,1.003156566,1.015418502,1.006507592,0.972598522,1.04906616,0.99969825,0.965891941,0.97625,0.997439181,0.964056483,0.970372836,1.030874786,1.01530782,1.02589315,0.951757188,0.997650218,1.017496635
600570.XSHG,1.005762898,0.981991814,1.166990831,1.042619048,1.030828956,1.004873726,0.959215168,0.905538957,1.067258883,1.04803805,1.032675289,1.027905955,1.170371954,0.98630137,0.982777778,0.961748634,1.058581505,0.917453267,1.013314505,1.083615369,0.986404556,0.926802012,0.957998392,1.013215859,1.028985507
600582.XSHG,0.988584475,0.942263279,1.029411765,1.061904762,0.97309417,1.048387097,1.037362637,1.048728814,1.018181818,0.958333333,0.956521739,0.976190476,1.12195122,0.996047431,0.982142857,0.995959596,1.030425963,0.968503937,0.969512195,1.012578616,0.977225673,0.957627119,1.044247788,0.959745763,1.026490066
600583.XSHG,1.123333333,0.900593472,1.046128501,0.987401575,0.980861244,1.01300813,0.988764045,0.996753247,1.027687296,1.022187005,0.956589147,1.01458671,1.017571885,0.989010989,0.987301587,0.991961415,1.008103728,0.98392283,1.008169935,1.037277147,0.9484375,0.983525535,1.011725293,0.990066225,0.991638796
600585.XSHG,1.04992034,1.026302479,1.023656974,0.957631199,1.048768225,1.051294343,1.015503876,1.06376291,0.989869143,0.975692964,0.96722028,1.03931315,0.986956522,0.99030837,1.057384342,1.034497265,0.95445303,1.08095441,0.99251084,0.968625894,1.059860599,1.094390716,1.050547897,0.97577389,0.960689655
600588.XSHG,1.040528634,0.936494496,1.066003617,1.09245123,1.005434783,1.003088803,0.956889915,1.053097345,1.050420168,0.973090909,1.178624813,1.010145847,1.104205901,1.060830017,0.99624866,0.964497041,0.990518684,0.978603604,0.991944764,1.077146172,0.983844911,0.881226054,0.99068323,1.044514107,1.015006002
600606.XSHG,0.997063142,1.089837997,1.032432432,0.97382199,1.036290323,0.968871595,0.995983936,1.024193548,1.001312336,0.969855832,0.972972973,0.988888889,1.025280899,1.012328767,1.069012179,0.930379747,0.997278912,0.971350614,0.998595506,1.023909986,0.975274725,0.974647887,1.007225434,0.99713056,0.98705036
600637.XSHG,1.019280206,0.965952081,1.001958225,1.050814332,1.006819591,0.988300493,0.971339564,0.971135343,1.020475561,0.994174757,1.021484375,0.977055449,1.03196347,0.984197219,1.010918433,0.967598475,1.020354563,0.989060489,0.993493819,0.944335298,0.970180305,0.952823445,1.016504126,0.975645756,0.975794251
600648.XSHG,0.986982249,1.012589928,1.007696862,1,1.028202115,1.025142857,0.994983278,0.982072829,1.016543069,0.994388328,0.993792325,1.003407155,1.008488964,0.988776655,1.014755959,0.978187919,1.014293882,1.085118377,0.936103896,1.019977802,1.016322089,0.953961456,1,1.000561167,0.998878295
600649.XSHG,0.98003992,0.974541752,1.099268548,0.986692015,0.993256262,0.983511154,0.977317554,1.013118063,1.023904382,0.977626459,0.969154229,1.003080082,1.010235415,1,1.006079027,0.96878147,0.98960499,0.995798319,0.979957806,0.975242196,0.962472406,0.985091743,0.996507567,1.015186916,0.987341772
600654.XSHG,1,0.902467011,0.856961221,1,1,1,1,1,1,1,1,1,1,1,0.773738872,0.735378715,0.886571056,0.983823529,0.952167414,0.91522763,1.005145798,0.936860068,0.992714026,0.926605505,1.007920792
600660.XSHG,1.037071797,1.05520362,1.068181818,0.961059815,1.053884712,0.95759017,0.95281457,1.026064292,0.939458086,0.982424516,1.017431193,1.019837692,0.960212202,1.02946593,1.026833631,1.053571429,1.00413394,1.004528613,1.073770492,1.004580153,1.038753799,0.965983906,0.957213177,1.035205696,1.017577379
600663.XSHG,1.005977011,1.047074954,0.967699694,1.028416779,1.002631579,1.003062117,1.027911034,0.948663555,1.02549195,1.023113825,1.011935209,0.99241786,1.001697793,0.969915254,0.98689384,0.973439575,1.001819009,1.060826146,0.950791613,0.987848785,0.992255125,0.983471074,0.995331466,0.980300188,0.918181818
600674.XSHG,0.989795918,1.036655212,1.001104972,0.988962472,1.029017857,1.004338395,1.004319654,1.041935484,0.998968008,0.981404959,0.998947368,0.990516333,0.982978723,1.020562771,0.987274655,0.98603652,1.018518519,1.020320856,1.025157233,1.010224949,0.984817814,1.041109969,0.953603159,1.005175983,0.990731205
600685.XSHG,0.95157467,0.887188612,1.048535901,1.042081102,1.001835536,1.000366435,1.045054945,0.917981073,0.992363498,1.003847634,1.04982752,0.997809419,1.014635931,0.962134872,0.989505247,1.009848485,1,1,1,1,1,1,1,1,1
600688.XSHG,1.034722222,1.030201342,0.972312704,0.991624791,1.013513514,1.016666667,1.01147541,1.04376013,1.00310559,1.037151703,0.931343284,0.974358974,1.009868421,0.982084691,0.995024876,1.011666667,0.975288303,0.993243243,1.015306122,1.038525963,0.979032258,1.001647446,0.988486842,1.009983361,0.97693575
600690.XSHG,1.025984252,1.066001535,1.043916487,0.946896552,1.07210488,0.942255435,0.980533526,1.033088235,0.965124555,0.955752212,0.983024691,1.020408163,1.055384615,1.002915452,1.00872093,1.048991354,1.054945055,1.029947917,1.054993679,1.058717795,1.063950198,0.975531915,0.929661941,1.062170088,1.034235229
600703.XSHG,1.040492958,1.068809927,1.056992084,0.944083874,1.046007403,0.944893832,0.97164259,1.06277533,0.983937824,0.968931016,1.073369565,1.009620253,0.959378134,1.094615787,1.034861509,1.009229349,1.042524005,1.056578947,1.062266501,1.098475967,0.953041622,0.928331467,1.00482509,1.094437775,0.956855576
600704.XSHG,1.031104199,1.037707391,0.99127907,1.021994135,1,1.004304161,0.981428571,0.991266376,1.092511013,0.965053763,0.995821727,0.965034965,1.05942029,1.062927497,0.96010296,1.030831099,1.033810143,0.953459119,0.965699208,1.034153005,0.998678996,0.937830688,0.998589563,0.998587571,0.994342291
600705.XSHG,0.993288591,0.983108108,0.936426117,1.00733945,1.016393443,0.983870968,1.001821494,1.049090909,0.998266898,1.005208333,0.974093264,1.015957447,1.043630017,0.988294314,1.001692047,0.976351351,0.998269896,0.994800693,1.052264808,1.011589404,0.990180033,1.009917355,0.968903437,1.016891892,0.970099668
600718.XSHG,0.995436767,0.878192534,1.093959732,1.040899796,0.996070727,1.021696252,0.988416988,0.986328125,1.021782178,0.994186047,1.051332034,1.008652658,1.06127451,1.031755196,0.975937325,0.978784404,1.026947862,0.930975471,0.952205882,1.046332046,1.012300123,0.910692588,1.016677785,1.00984252,0.991552956
600737.XSHG,1,0.938340807,1.031063321,1.019698725,1.051136364,0.99027027,1,1.057860262,0.985552116,0.995811518,0.94637224,1.048888889,1.032838983,0.975384615,1.004206099,0.970680628,1.015102481,0.952178533,0.9921875,1.021372328,0.987885463,0.908584169,1.004907975,0.970695971,1.006289308
600739.XSHG,0.986544343,1.045877247,1.035566094,1,1.011448197,1.006791171,1.005059022,1.090604027,0.964615385,0.981392876,0.977248104,1.032150776,0.997314715,1.00538503,0.965720407,0.987798114,1.004491859,0.98490777,1.021566402,1.039444444,0.96686264,0.952459923,0.998839234,1.00697269,0.994806694
600741.XSHG,1.044585987,1.029379157,1.133548735,1.002375297,1.056398104,0.988335576,0.942351339,1.025529865,0.959605449,0.964268233,0.984771574,1.043814433,0.975802469,1.017712551,0.984087519,1.067205659,1.031723485,1.076181735,1.042643923,0.991002045,1.06273215,1.017864078,0.93513926,1.035087719,1.010642491
600754.XSHG,1.013664596,1.054738562,1.03137103,0.972962824,1.010806638,1.010309278,0.992063492,1.018285714,1.101758324,1.012224109,0.965112378,0.987486966,1.031326998,1.061433447,1.003215434,0.95,1,0.973346829,0.997920277,1.077804793,1.073799549,0.931572629,0.923324742,1.041172366,0.998324397
600760.XSHG,0.975500345,1.012026884,1.044040545,1.212922665,0.936516699,0.982316534,0.96039604,0.930646673,0.958375294,1.234676007,0.992340426,0.938822184,0.93544458,1.016601563,1.053154019,1.023715415,1.038313038,1,0.860697941,1.038551014,1.00448,0.99776999,1.026500639,0.962052877,1.11057226
600783.XSHG,0.964932127,0.913833529,1.062219371,1.026570048,0.994117647,1.016568047,0.970314319,0.980203959,0.977968176,0.98873592,0.996835443,1.015873016,1.04375,1.005988024,1.108333333,0.960257787,0.983221477,0.952787258,0.949253731,1,0.97672956,0.9227302,1.018143754,1.012337217,1.01760325
600795.XSHG,1,1.025,1.033536585,1,1,1,1,1,1,1,1,1,1.097345133,0.89516129,0.981981982,1.009174312,0.987878788,0.996932515,1.018461538,0.981873112,1.030769231,1.014925373,0.967647059,0.987841945,0.947692308
600804.XSHG,0.986438679,0.944411237,1.050632911,1.01626506,1.039715471,0.979475485,0.97322468,0.979665072,1.015262515,0.963319302,1.058052434,0.989970501,1.025625745,1.077861708,1.005390836,1.058981233,1.052151899,1.015880654,0.911890099,1.061298701,1.021536955,0.976042166,0.968090329,1.014198783,0.898
600816.XSHG,1.018248175,1.033452808,1.013872832,1.010262258,1.206546275,1.067352666,1.003505697,1.0069869,0.995663487,0.981707317,0.943212067,0.938852305,1.019038076,1.027531957,0.946411483,1.011122346,1.046,1.062141491,1.00360036,1.030493274,0.996518712,0.947598253,1.00921659,1.010045662,0.949367089
600820.XSHG,0.933469806,1.018640351,1.019375673,0.976768743,1.028108108,1.003154574,1.012578616,0.971014493,0.987206823,1.001079914,0.984897519,1.108433735,0.968379447,0.984693878,0.98134715,0.990496304,1.010660981,0.971518987,1.008686211,0.996770721,0.980561555,0.980176211,0.971910112,0.966473988,0.986842105
600827.XSHG,0.953741497,1.078459344,0.978174603,0.996619337,1.073270014,0.986725664,1.00640615,0.916613622,1.015972222,0.978127136,0.995108316,1.045646067,1.003357958,1.010709505,0.99205298,1.001335113,1.037333333,0.991645244,0.978613091,0.959602649,0.962042788,0.943328551,0.999239544,1.038812785,0.967765568
600837.XSHG,0.988716502,1.036376605,0.989676531,1.004867872,0.986851211,0.995792426,1.030985915,0.995218579,0.995881949,1.006202619,0.973972603,0.995077356,1.056537102,0.977926421,1,0.983584131,1.002086231,0.993754337,0.998603352,0.988811189,0.989391796,0.996426019,1.00071736,0.997849462,0.924568966
600839.XSHG,0.994100295,0.970326409,1.04587156,1.023391813,1.02,1.011204482,0.983379501,0.988732394,1.045584046,1.002724796,0.989130435,0.983516484,1.008379888,1,0.972299169,0.991452991,1.034482759,1.05,0.986772487,0.991957105,1.086486486,0.922885572,1.005390836,0.975871314,0.96978022
600867.XSHG,1.036984353,0.943072702,1.016,1.056549749,1.02303523,1.009933775,0.948196721,0.967496542,1.014295926,1.03030303,1.045827633,0.992151733,1.023071852,1.014175258,1.020965693,0.962663348,1.146089205,1.020304569,1.011608624,1.03715847,1.024762908,0.948071979,1.001084599,1.042795233,0.986493506
600871.XSHG,1.31511254,0.858190709,1.025641026,0.963888889,0.962536023,1,0.961077844,0.990654206,1.012578616,1.00931677,0.984615385,1,1,1,1,0.984375,0.996825397,0.984076433,0.980582524,1.02970297,0.971153846,0.97029703,1.013605442,0.946308725,0.95035461
600873.XSHG,0.989708405,0.897746967,0.988416988,1.01171875,1.005791506,1.021113244,1.033834586,0.992727273,1.053113553,0.984347826,0.973498233,1.023593466,1.081560284,1.01147541,0.974068071,0.976705491,1.023850085,0.936772047,0.955595027,1.00929368,0.961325967,1.01532567,0.977358491,0.972972973,0.996031746
600875.XSHG,1.003236246,0.982795699,1.039387309,0.997894737,1,1.030590717,1.003070624,1.044897959,1.032226563,0.987701041,0.985632184,1.003887269,1.060019361,0.980821918,1.004655493,0.96570899,0.99328215,0.976811594,1.070227498,1.022181146,1.028933092,0.912126538,1.02504817,0.994360902,1.026465028
600886.XSHG,1.004166667,1.042876902,1.01193634,0.979030144,1.014725569,0.998680739,1.005284016,1.031537451,1,0.951592357,0.994645248,0.99730821,0.979757085,1.004132231,0.997256516,0.991746905,1.026352288,1.009459459,0.991967871,1,0.974358974,1.05401662,0.959264126,0.983561644,1.004178273
600887.XSHG,1.097432905,1.009569378,1.051079516,0.979458918,1.064450128,0.991350312,0.972370334,1.00997009,0.995064166,1.044146825,1.058907363,0.993719157,1.032054176,0.99343832,1.047996477,1.044537815,1.119871279,1.023706897,1.040701754,0.997639919,0.969922271,1.041811847,0.939464883,1.071555714,1.037541528
600893.XSHG,0.985137195,0.923404255,1.117720989,1.051349325,1.001426025,0.974724101,1.099707816,1.004317502,0.953042328,1.017349063,0.988744884,0.984822353,1.021015762,1.028473413,1.052368245,0.979080824,1.024279702,1.008217446,0.948275862,0.977520661,1.010145418,0.910612655,1.011764706,1.037427326,0.992294221
600895.XSHG,0.997495304,0.999372254,1.023869347,1.004294479,1.024434942,1,0.973762671,0.992651562,1.032695867,0.997013142,1.021569802,0.982404692,1.016119403,0.988249119,0.995243757,0.991636798,1.019879518,1.052569403,0.945566779,0.989910979,0.981414868,0.960293219,1.000636132,0.955499046,0.988689288
600900.XSHG,1.031684699,1.032209738,0.989840348,0.976539589,1.033033033,1.011627907,1.001436782,1.036585366,1.011764706,0.980848153,1.028591353,0.993898305,0.981582538,1.022237665,0.978925901,1.011111111,1.013736264,1.0399729,1.006514658,1.02394822,0.986725664,1.034593209,0.980804954,1.002525253,0.991813602
600958.XSHG,0.959827834,1.004484305,1.000744048,1.001486989,1.005196733,0.997784343,1.056254626,1.081289418,1.029812054,0.984266834,0.936061381,0.995218579,1.136582018,0.966183575,0.993125,0.981749528,1.012820513,0.950632911,1.005326232,1.015231788,1.016307893,0.977535302,0.995403808,0.998680739,0.935931308
600959.XSHG,1.00481232,1.038314176,0.982472325,0.992488263,1,1,1,1,1,1,1,1,1,1,1,1,1.029328288,0.947610294,0.973811833,0.985059761,0.980788675,0.906185567,1.029579067,0.951381215,0.980255517
600999.XSHG,1.009746589,1.063706564,0.984875983,1.009213759,1.007912355,0.989130435,1.042124542,1.0152314,1.006347374,1.018348624,0.975225225,0.990184758,1.117784257,1,1.023474178,1.038735984,0.981354269,0.962,0.958419958,0.978850325,1.022714681,1.027627302,0.972061149,0.982104121,0.949751518
601006.XSHG,1.048452221,0.992297818,0.994825356,0.970091027,1.034852547,1.022020725,1.079847909,1.007042254,0.966200466,0.983112183,1.019631902,1.02045728,1.016509434,0.977958237,0.996441281,0.996428571,1.025089606,1.011655012,0.997695853,0.968822171,1.005959476,1.022511848,0.972190035,1.007151371,0.984615385
601009.XSHG,0.956944444,1.078374456,0.987886945,0.983651226,1.026315789,1.008097166,1.048192771,0.991060026,0.983247423,0.976408912,0.986577181,1.010884354,1.036339166,1.019480519,0.973248408,0.988219895,1.017218543,0.986979167,1.01055409,0.968668407,1.022911051,1.040843215,0.974683544,0.988311688,0.984231275
601018.XSHG,0.994423792,1.039252336,0.992805755,0.980072464,1.03142329,0.989247312,0.998188406,1.025408348,1.136283186,0.957943925,0.975609756,0.975,1.003418803,1.003407155,0.998302207,0.99829932,0.996592845,1.051282051,1.01300813,0.959871589,0.996655518,0.941275168,1.005347594,1.005319149,0.962962963
601021.XSHG,1.051337897,1.020124297,0.941398317,0.992912173,1.044382371,1.006240713,0.97223863,0.94835966,0.99871877,0.995189224,1.01836932,1.019936709,1.056158858,1.032021152,0.99146029,0.962962963,1.034585569,0.979538905,0.98734922,1.074791418,1.093152204,0.959928988,0.997093791,0.988606253,0.979630126
601088.XSHG,1.022113022,1.078125,1.026198439,1,1,1,1,1,1,1,1,1,1.099945682,0.980740741,0.977844914,1.044284243,0.951676529,1.012435233,1.004605937,0.992358635,1.169404517,0.987708516,0.974222222,0.973540146,1.002811621
601099.XSHG,0.994936709,1.007633588,1.015151515,1.012437811,0.995085995,0.985185185,1.010025063,0.992555831,0.9975,1.07518797,0.96969697,0.971153846,1.074257426,0.979262673,1,0.976470588,1.007228916,0.966507177,0.972772277,1.005089059,0.987341772,0.964102564,0.997340426,1,0.992
601111.XSHG,0.961331901,1.140782123,0.984329089,0.964179104,0.989680083,0.99270073,0.944327731,1.012235818,0.958241758,0.983944954,1.037296037,0.980898876,1.036655212,1.008839779,0.966046002,0.976190476,0.996515679,1.020979021,1.051369863,1.051031488,1.059917355,1.049707602,1.000928505,0.995361781,1.078285182
601118.XSHG,0.998178506,0.937956204,1.071984436,1.02722323,0.991166078,1.024955437,1.003478261,1.06932409,1.016207455,1.070175439,0.93442623,0.996810207,1.0768,0.980683507,1.022727273,0.967407407,1.003062787,0.989312977,0.956790123,1.017741935,0.93977813,0.94772344,1.017793594,0.987762238,1.005309735
601127.XSHG,0.930999493,0.930790191,1.028688525,1.053500285,1.042679633,1.058549223,0.96328928,1.00254065,0.969082615,0.97541841,1.028954424,1.014590933,1.020544427,1.074484147,1.032786885,0.960544218,1.03871577,1.018181818,0.999107143,1.05049151,1.007656316,0.905867455,0.937558248,1.010934394,1.010324484
601155.XSHG,1.055325035,1.113368283,1.06592113,0.938155715,1.063566804,0.970116215,1.04335425,0.945325314,1.018507808,0.918796139,1.003708282,1.020320197,1.042848521,1.041666667,1.086666667,0.914621677,0.959754053,1.033779849,1.091830986,1.081527348,1.072519084,1.059608541,1.025188917,1.036445536,1.016989332
601166.XSHG,0.985044188,1.057280883,1.001958225,0.994136808,1.035386632,1.026582278,1.053637485,1.000585138,0.995906433,0.98120963,0.978456014,1.02324159,1.0041841,0.995833333,0.998206814,0.998203593,1.021595681,1.007046389,0.987755102,0.966942149,0.992063492,1.051076923,0.980093677,0.99223417,0.992775436
601169.XSHG,0.966666667,1.043478261,0.994252874,1.002890173,1.014409222,1.005681818,1.052259887,1.018791946,0.981554677,0.982550336,0.964480874,1.012747875,1.018181818,0.997252747,0.987603306,0.986052999,1.014144272,0.987447699,0.998587571,0.987270156,1.001432665,1.032904149,0.977839335,0.994334278,0.977207977
601186.XSHG,0.911020408,1.059139785,1.003384095,0.961214165,1.031578947,0.978741497,1.055603823,1.074074074,0.980076628,0.949960907,0.97037037,1.004240882,1.021959459,0.99338843,1.003327787,0.975124378,0.993197279,0.974315068,1.035149385,1.027164686,0.942975207,1.006134969,1.00261324,1.006950478,0.966350302
601198.XSHG,0.940307329,1.05468259,0.991060787,1.019843656,0.998231132,1.002953337,1.028857479,1.027475673,0.991086351,1.010118044,0.973288815,1.021726701,1.054840515,0.979310345,0.998916576,0.976138829,0.976666667,0.963026166,0.989958653,1.002983294,0.987507436,0.987951807,0.98597561,0.998763142,0.967801858
601211.XSHG,1.014367816,1.073087819,0.989440338,1.03094984,1.030538302,0.984932195,1.041305456,1.010773751,0.98498062,0.967535662,0.983223183,1.001034126,1.09142562,0.968291529,1.006353861,1.012141816,0.99184261,0.982099661,0.966995074,1.000509424,0.990835031,1.016443988,0.992922144,0.989816701,0.957304527
601216.XSHG,0.96069869,1.034090909,1,0.986813187,1.011135857,1.04185022,0.989429175,1.034188034,1.026859504,0.979879276,1.092402464,0.947368421,1.003968254,0.95256917,0.995850622,0.99375,0.98951782,0.997881356,1.021231423,0.98960499,1.021008403,0.995884774,0.962809917,0.963519313,0.979955457
601225.XSHG,1.023210832,1.062381853,1.048042705,1.050933786,1.061389338,1.083713851,1.050561798,1.104278075,0.96125908,0.974811083,0.950904393,0.998641304,1.155102041,0.994110718,0.969194313,1.023227384,0.925925926,0.978064516,0.978891821,1.018867925,1.043650794,0.958174905,1.058201058,0.94875,1.028985507
601258.XSHG,1.069686411,0.944625407,1.04137931,0.986754967,0.963087248,0.993031359,0.989473684,0.985815603,1,1.061151079,0.976271186,0.986111111,1.021126761,0.989655172,1,0.989547038,1.017605634,0.98615917,0.978947368,0.985663082,0.989090909,0.966911765,0.996197719,0.980916031,0.992217899
601288.XSHG,0.996815287,1.038338658,0.978461538,0.977987421,1.019292605,1.006309148,1.037617555,1.036253776,1.029154519,1.002832861,0.97740113,1.043352601,0.975069252,1.034090909,0.972527473,1.028248588,0.994505495,1.008287293,0.975342466,0.991573034,0.974504249,1.049418605,0.986149584,0.997191011,0.994366197
601318.XSHG,1.046410256,1.073021318,1.047042704,1.0087241,1.028108108,1.010094637,1.034978139,1.006437337,1.00119928,1.008185267,0.976435644,1.076252281,1.019031468,0.969859467,0.990276454,1.002502888,1.065488765,1.033525595,1.085280781,1.020568857,1.058573453,1.073925331,0.91634349,1.075574365,1.004496908
601328.XSHG,0.980108499,1.049815498,0.978910369,0.992818671,1.005424955,1.014388489,1.033687943,1.034305317,1.009950249,1.004926108,0.968954248,1.006745363,1.036850921,0.996768982,0.975688817,1.00166113,0.998341625,1.004983389,0.985123967,0.991610738,0.978003384,1.046712803,0.995041322,1,0.986710963
601333.XSHG,1.009756098,1.004830918,1.026442308,1.011709602,1.020833333,0.988662132,1.004587156,1.089041096,1.006289308,1.035416667,1.038229376,0.974806202,1.017892644,1.015625,0.990384615,0.966990291,0.997991968,0.951710262,1.025369979,0.989690722,1.008333333,0.991735537,1.039583333,1.01002004,1.031746032
601336.XSHG,0.998369344,1.065332789,0.991376006,0.945486178,1.031486404,1.043607532,1.064767331,1.040313949,0.96622085,1.086424135,0.986115648,1.000662581,0.986260553,0.952165156,0.997003349,1.009016973,0.993166287,1.014820042,1.102573018,0.973667613,1.092631579,0.972283978,0.936890244,1.056784901,1.036335643
601377.XSHG,0.966244726,1.027656477,0.985835694,1.024425287,1.001402525,0.988795518,1.056657224,1.014745308,1.019815059,0.997409326,0.974025974,1.001333333,1.135818908,0.964830012,1.004860267,0.981862152,0.997536946,0.972839506,0.974619289,0.994791667,0.988219895,1.005298013,1.005270092,0.977719528,0.950402145
601390.XSHG,0.971064815,1.0488677,1,0.969318182,1.003516999,0.990654206,1.011792453,1.023310023,0.98405467,0.986111111,0.978873239,1.002398082,1.033492823,1.008101852,1.003444317,0.974828375,1.005868545,0.987164527,1.052009456,1.002247191,0.952914798,1.002352941,1,1.003521127,0.984795322
601398.XSHG,0.993520518,1.056521739,0.971193416,0.970338983,1.017467249,1.027896996,1.03131524,1.032388664,1.035294118,1.03030303,0.990808824,1.051948052,0.978835979,1.016216216,0.982269504,1.041516245,1.031195841,1.005042017,1.001672241,0.969949917,0.974182444,1.035335689,0.962457338,1,1.015957447
601555.XSHG,0.967948718,1.022705771,0.991674376,1.036380597,1.00270027,0.985637343,1.031876138,0.992056487,1.043594306,1.012787724,0.981481481,0.97941681,1.093695271,0.967173739,0.990066225,0.994983278,0.996638655,0.940134907,0.964125561,1.004651163,0.988888889,0.973782772,1.0125,0.970560304,0.967710372
601600.XSHG,0.990543735,1.021479714,0.997663551,1.021077283,1.043577982,1.024175824,1.066523605,1.108651911,1.085299456,1.244147157,0.939516129,1.007153076,1.149147727,1,1,1,1,1,1,1,1,1,1,1,1
601601.XSHG,0.987743331,1.075182482,1.042430414,1.002605015,1.051964924,1.018524236,1.019399818,0.989889979,0.98227696,1.035168196,0.988774003,1.034657903,1.078255848,0.967327263,0.989756368,0.999160839,1.02043673,1.041152263,1.08168643,1.038733252,0.998592871,1.034053546,0.905746082,1.073971916,0.984123278
601607.XSHG,1.070030448,1.025203252,1.027755749,0.998070988,1.062620796,1.015642052,0.946991404,0.998108926,0.931792346,1.020333469,0.982463133,0.971196755,0.964912281,0.997402597,0.995225694,1.012647187,1.058570198,1.006916192,1.052525253,0.923608445,1.011221945,1.016029593,0.96723301,1.021748223,0.977486697
601608.XSHG,1,1,1,1,1,1,1,1,0.954792043,1.007575758,0.97556391,1.005780347,1.005747126,1.020952381,1.001865672,0.947858473,1.007858546,0.978557505,1.007968127,0.984189723,0.953815261,0.928421053,0.986394558,0.933333333,1.012315271
601611.XSHG,0.812117086,0.957250629,1.023642732,0.98716852,1.035528596,0.992468619,0.976391231,0.968911917,1.011586453,0.998237885,0.967343336,1.143248175,1.008778931,0.995253165,0.978537361,0.966693745,1.01512605,0.948675497,0.994764398,0.989473684,0.970744681,0.955251142,0.97418738,1.018645731,1.021194605
601618.XSHG,0.951417004,1.031914894,1.002061856,0.983539095,1.006276151,1.01039501,1.016460905,1.026315789,0.992110454,0.984095427,0.98989899,0.991836735,1.022633745,1.050301811,0.963601533,1,0.998011928,0.992031873,1.012048193,1.013888889,0.966731898,0.991902834,0.993877551,1.01026694,0.983739837
601628.XSHG,0.975952645,1.059135709,0.992125984,0.962481962,0.999625187,1.009373828,1.052005944,0.996115819,0.962070188,0.992630803,0.991833705,1.017215569,1.040470935,0.97135785,0.994903531,1.00219539,1.008397225,1.008327299,1.093357271,1.054515599,0.991902834,1.009733124,0.944651741,1.040487163,0.979436887
601633.XSHG,1.025641026,1.039655172,1.040630182,1.031075697,1.035548686,0.97761194,0.986259542,1.001547988,0.989180835,1.0046875,0.99844479,0.982866044,0.97385103,0.998372661,1.018744906,0.9736,0.991783073,1.056338028,0.938039216,0.933110368,0.988351254,1.012692656,1.005371531,1.048975957,0.977079796
601668.XSHG,0.954616588,1.068852459,1.027607362,0.965671642,1.046367852,0.973412112,1.056145675,1.067528736,0.962314939,0.979020979,0.977142857,1.019005848,0.977044476,0.991189427,1.011851852,0.964860908,1,0.986342944,1.024615385,1.003003003,0.973053892,1.04,0.99112426,0.986567164,0.986384266
601669.XSHG,0.932655654,1.059945504,1.014138817,0.965779468,1.024934383,0.987195903,1.04150454,1.01618929,0.977941176,0.983709273,0.997452229,1.007662835,1.012674271,1.006257822,0.998756219,0.99377335,0.977443609,1.001282051,1,0.961587708,0.956058589,0.997214485,1.011173184,1.020718232,0.97699594
601688.XSHG,0.997487437,1.067380353,0.984660767,1.019772319,1.020564042,0.979850317,1.076968273,1.022367703,1.01814301,1.001572327,1.014128728,0.995872033,1.180829016,0.954804739,0.997702206,0.994933211,0.976388889,0.979137032,0.938014528,1.019101704,0.98378926,0.988671473,0.985416667,1.015856237,0.930280957
601718.XSHG,1.014120668,1.026582278,1,1.004932182,0.998773006,1.022113022,1.015625,0.985798817,1.039615846,0.986143187,0.978922717,1.007177033,1.017814727,0.987164527,0.972813239,0.981773998,1.006188119,0.965559656,0.970700637,0.965879265,0.95923913,0.937677054,0.998489426,1.036308623,0.966423358
601727.XSHG,0.955369596,0.960583942,1.016717325,1.022421525,1.08625731,1.043068641,0.99483871,1.02464332,0.959493671,0.98944591,0.985333333,1.00270636,1.074224022,0.994974874,0.965909091,1.044444444,0.968710889,1.025839793,1.100755668,0.926773455,0.937037037,0.910408432,0.982633864,1.00736377,0.964912281
601766.XSHG,0.983333333,1.044491525,0.982758621,0.990712074,1.005208333,1,1.006217617,1.010298661,0.986748216,1.017561983,0.982741117,0.994834711,1.008307373,0.997940268,0.997936017,0.990692865,1.006263048,1.0093361,1.127440904,1.019143118,0.929338104,1.094321463,1.002638522,0.981578947,1.00357462
601788.XSHG,0.997183099,1.043785311,0.99188092,1.008867667,0.985125085,0.99245024,1.021438451,1.019634394,0.996015936,1.01,0.962376238,0.995198903,1.083390765,0.977099237,1.002604167,0.981818182,1.001984127,0.976237624,0.99729547,0.995932203,0.993873383,1.015753425,0.992582603,0.996603261,0.956373551
601800.XSHG,0.891304348,1.066898955,1.022860875,0.963601533,1.016567263,1.016949153,1.047435897,1.036719706,0.953364817,0.942414861,0.992115637,1.010596026,1.011795544,0.991580311,1.010450686,0.987718164,0.969240838,0.983119514,1.029532967,0.978652435,0.97273347,0.969866854,0.985549133,1.005131965,0.958424508
601818.XSHG,0.970189702,1.041899441,0.99463807,0.989218329,1.019073569,1.005347594,1.042553191,1.035714286,0.992610837,0.987593052,0.972361809,1.002583979,1.018041237,1.002531646,0.987373737,0.99488491,1.005141388,1.002557545,0.984693878,1,0.992227979,1.039164491,1,0.997487437,0.982367758
601857.XSHG,1.012228261,1.020134228,0.985526316,0.989319092,1.010796221,1.014686248,1.010526316,1.016927083,1.012804097,1.006321113,0.966080402,1.007802341,1.015483871,0.998729352,0.994910941,1.010230179,0.989873418,1.023017903,1.01875,1.034355828,0.948991696,1.0175,0.984029484,0.991260924,0.976070529
601866.XSHG,0.978378378,0.950276243,1.031976744,1.01971831,1,0.997237569,1.013850416,1.027322404,1.037234043,1.043589744,0.98034398,0.98245614,1.045918367,0.982926829,0.975186104,0.979643766,0.997402597,1.026041667,0.974619289,0.984375,0.973544974,0.961956522,1.005649718,1.002808989,0.985994398
601872.XSHG,1,1,1,1,1,1,1,1,0.998007968,1,1,1,1,1,1.005988024,0.990079365,0.993987976,1.008064516,0.99,0.981818182,0.96090535,0.950749465,1.013513514,0.986666667,1
601877.XSHG,1.006351039,1.005163511,1.037671233,1.015951595,1.056307526,0.99128652,0.978800414,0.978341257,1.019978402,0.996823716,0.968135953,0.984092156,1.050167224,1.011677282,1.041448059,1.062468514,1.060218113,0.989266547,1.071428571,1.019831224,1.122465867,0.910062661,0.972053463,0.984166667,0.989839119
601888.XSHG,1.029503106,1.034313725,1.054684652,0.972692707,1.034825871,1.005494505,0.992486339,0.989676531,0.996522949,0.97662247,1.007145409,1.030507272,1.023752151,1.073974445,1.031308704,1.029143898,1.062831858,1.013599778,1.08652793,1.035030242,1.019722425,0.98782235,0.997824511,1.064922481,0.982256597
601899.XSHG,1.009771987,1.012903226,1.00955414,1.015772871,1.00310559,1.030959752,1.024024024,0.997067449,1.052941176,1.061452514,0.939473684,0.994397759,1.109859155,1.030456853,0.958128079,0.979434447,0.992125984,1.015873016,0.940104167,1.008310249,0.980769231,1.036414566,1.037837838,0.984375,1.029100529
601901.XSHG,1.04622871,1.059302326,0.982436883,1.084916201,1.020597322,0.988900101,0.946938776,0.987068966,0.970524017,0.989876265,0.967045455,1.004700353,1.058479532,0.983425414,0.991011236,0.970521542,1.007009346,0.948955916,0.958435208,1.052295918,0.995151515,0.980511571,0.946583851,0.93832021,0.972027972
601919.XSHG,1.007532957,1,1,1,1,1,1,1,1.358878505,1.132049519,0.904009721,0.994623656,1.083783784,0.990024938,0.928211587,0.962008141,0.98448519,1.014326648,1.015536723,0.936022253,0.988112927,0.927819549,1.032414911,1.078492936,0.95342067
601928.XSHG,0.965005302,1.007692308,1.01308615,1.013993541,1.007430998,0.993677555,0.970307529,0.979234973,1.015625,1.005494505,1.004371585,1.002176279,1.016286645,1.014957265,0.970526316,0.976138829,1.016666667,0.983606557,0.994444444,0.970949721,0.99424626,0.945601852,0.993880049,1.018472906,0.975816203
601933.XSHG,1.074796748,0.996974281,1.042488619,0.969432314,1.04954955,0.995708155,0.988505747,0.976744186,1,0.979166667,1.021276596,1.004464286,1.014814815,1.010218978,1.10982659,0.994791667,1.123036649,1.033799534,1.077790304,1.048117155,0.98003992,0.976578411,0.920750782,1.089467724,1.044698545
601939.XSHG,0.991134752,1.050089445,0.967632027,0.987676056,1.037433155,1.001718213,1.034305317,1.023217247,1.045380875,1.020155039,0.983282675,1.027820711,0.984962406,1.019847328,0.971556886,1.026194145,1.015015015,1.019230769,1.007256894,0.965417867,0.976119403,1.071865443,0.952924394,1.002994012,1.035820896
601958.XSHG,0.998518519,0.979228487,1.034848485,1.029282577,1.007112376,1.035310734,1.040927694,1.062909567,1.041923551,1.2,0.857988166,0.948275862,1.105454545,1.051535088,0.908237748,0.996555683,0.947004608,0.98783455,0.935960591,0.992105263,0.973474801,0.953678474,1.021428571,0.979020979,1.002857143
601985.XSHG,0.995862069,1.04432133,1.014588859,0.997385621,0.994757536,1.001317523,1,1.017105263,0.990944373,0.977806789,1.008010681,0.990728477,1.010695187,0.985449735,0.979865772,1.004109589,0.998635744,1.013661202,1.025606469,1.015768725,0.97542044,0.969496021,0.986320109,1.016643551,0.97271487
601988.XSHG,0.988023952,1.03030303,0.979411765,0.987987988,1.012158055,1.006006006,1.035820896,1.037463977,1.036111111,1.040214477,0.989690722,1.0078125,1.033591731,1,0.9725,1.015424165,1.002531646,1.002525253,0.972292191,0.96373057,0.991935484,1.032520325,0.979002625,1.002680965,0.989304813
601989.XSHG,0.990430622,0.996779388,1,1,1,1,1,1,1,1,1,1,1,1,1,1,1,1,1,1.092084006,0.923076923,1.009615385,0.968253968,1.013114754,0.964401294
601998.XSHG,0.959649123,1.049360146,0.99825784,0.996509599,1.021015762,0.994854202,1.046551724,1.072487644,0.978494624,0.982731554,0.966453674,1.001652893,1.021452145,1,0.991922456,0.986970684,1.008250825,1.001636661,0.973856209,0.991610738,0.986463621,1.037735849,1.011570248,0.995098039,0.973727422
603000.XSHG,0.988747187,0.962063733,1.037066246,1.016730038,0.98578908,1.028831563,0.958702065,1.044615385,1.008100147,1.009495982,1.081765557,0.965217391,1.018711019,0.989115646,0.982118294,0.968487395,1.085321764,0.928047968,0.936826992,1.001532567,0.998469778,0.931800766,1,0.977796053,0.978973928
603885.XSHG,1.002090592,1.066063978,1.028049576,0.996192893,0.964968153,0.99009901,0.976666667,0.953583618,1.00071582,0.994277539,1.035251799,1.010423905,1.015818432,1,1.008801625,0.959060403,0.99580126,0.990864371,0.961702128,0.994837758,1.051890289,0.974630021,0.939262473,1.046959199,1.051470588
603993.XSHG,1.029484029,0.959427208,1.032338308,1.178313253,0.993865031,1.053497942,1.150390625,1.234295416,0.982118294,0.985994398,0.872159091,1.022801303,1.167197452,1.150068213,0.920521945,0.988402062,0.91916558,1,0.960283688,1.005908419,0.92804699,0.97943038,1.132471729,0.954350927,0.970104634
